vendor_id,bonus_tag
rec0AcUbQ2KY2FXv6,Tutoring: Math
rec0AcUbQ2KY2FXv6,Tutoring: English/Language Arts
rec0AcUbQ2KY2FXv6,Tutoring: Social Studies/Humanities
rec0AcUbQ2KY2FXv6,Tutoring: Science
rec0RW85xJyDv86wr,Tutoring: Math
rec0RW85xJyDv86wr,Tutoring: English/Language Arts
rec0RW85xJyDv86wr,Tutoring: Social Studies/Humanities
rec0RW85xJyDv86wr,Tutoring: Science
rec0teErbvaQ0loRA,Therapy: Occupational
rec0teErbvaQ0loRA,Therapy: Physical
rec0teErbvaQ0loRA,Therapy: Speech
rec1Be84y3bDcOt5m,Tutoring: English/Language Arts
rec1I8ZBKD800gZEz,Tutoring: Math
rec1IW4n6FgkWsIAV,Enrichment: Neurodivergent-Focused
rec1SRiAz6HA7yqEe,Therapy: Behavioral
rec1l2KWKoOYaoY5O,Curriculum: English/Language Arts
rec1xyFNED4ZXEum4,Therapy: Occupational
rec1xyFNED4ZXEum4,Therapy: Behavioral
rec1xyFNED4ZXEum4,Therapy: Speech
rec25Uh5SH7jsRRT6,Therapy: Behavioral
rec2UbievNAIL0JLh,Tutoring: Social Studies/Humanities
rec2UbievNAIL0JLh,Tutoring: Science
rec2UbievNAIL0JLh,Tutoring: English/Language Arts
rec2UbievNAIL0JLh,Tutoring: Math
rec2UbievNAIL0JLh,Tutoring: Foreign Language
rec2ckggayWVb6Z3x,Tutoring: Math
rec2ckggayWVb6Z3x,Tutoring: English/Language Arts
rec2ckggayWVb6Z3x,Tutoring: Science
rec2csB12H2i2X0gt,Therapy: Music
rec2x3xToEllwisqH,Therapy: Dyslexia/Dsygraphia
rec2x3xToEllwisqH,Therapy: Speech
rec35jDr4bnMzkFzI,Therapy: Dyslexia/Dsygraphia
rec35jDr4bnMzkFzI,Classes: Neurodivergent-Focused
rec35jDr4bnMzkFzI,Classes: Science
rec35jDr4bnMzkFzI,Classes: Math
rec35jDr4bnMzkFzI,Classes: English/Language Arts
rec3XLv114esoUaLc,Enrichment: Technology
rec3XLv114esoUaLc,Curriculum: Self-Paced Courses
rec3XLv114esoUaLc,Classes: English/Language Arts
rec3bXbAHP3oVTXDU,Supplies: Health & Safety
rec3kbTPUHuK4YLJA,Enrichment: Outdoor & Adventure
rec3kbTPUHuK4YLJA,Enrichment: Neurodivergent-Focused
rec3kbTPUHuK4YLJA,Enrichment: Life Skills & Career Prep
rec3tUtaDZuyfB8CH,Tutoring: Social Studies/Humanities
rec3tUtaDZuyfB8CH,Tutoring: Science
rec3tUtaDZuyfB8CH,Tutoring: English/Language Arts
rec3tUtaDZuyfB8CH,Tutoring: Math
rec3tUtaDZuyfB8CH,Tutoring: Foreign Language
rec3vPbM4k1Nwclqa,Therapy: Dyslexia/Dsygraphia
rec3vpOERxpLcCi6A,Tutoring: Math
rec41jSgf66qakLWU,Tutoring: Science
rec41jSgf66qakLWU,Tutoring: Foreign Language
rec41jSgf66qakLWU,Tutoring: English/Language Arts
rec41jSgf66qakLWU,Tutoring: Math
rec41jSgf66qakLWU,Tutoring: Social Studies/Humanities
rec4EUwtQDFKMQjJp,Therapy: Occupational
rec4EUwtQDFKMQjJp,Therapy: Speech
rec4eC0G7OI0JkIF8,Tutoring: Social Studies/Humanities
rec4eC0G7OI0JkIF8,Tutoring: Science
rec4eC0G7OI0JkIF8,Tutoring: English/Language Arts
rec4eC0G7OI0JkIF8,Tutoring: Math
rec4eC0G7OI0JkIF8,Tutoring: Foreign Language
rec4jdNmPu5gSXqlQ,Tutoring: Neurodivergent-Focused
rec4jdNmPu5gSXqlQ,Tutoring: Math
rec4jdNmPu5gSXqlQ,Tutoring: English/Language Arts
rec4lyeS2NjhHgk19,Tutoring: Science
rec4lyeS2NjhHgk19,Tutoring: English/Language Arts
rec4lyeS2NjhHgk19,Tutoring: Social Studies/Humanities
rec4lyeS2NjhHgk19,Tutoring: Math
rec4vYrne49NslQM1,Tutoring: Math
rec4vYrne49NslQM1,Tutoring: English/Language Arts
rec4vYrne49NslQM1,Tutoring: Science
rec52DnEFtB78F9lp,Tutoring: Social Studies/Humanities
rec52DnEFtB78F9lp,Tutoring: Science
rec52DnEFtB78F9lp,Tutoring: English/Language Arts
rec52DnEFtB78F9lp,Tutoring: Math
rec52DnEFtB78F9lp,Tutoring: Foreign Language
rec5SoU77WVMB5Jkc,Curriculum: English/Language Arts
rec5SoU77WVMB5Jkc,Therapy: Dyslexia/Dsygraphia
rec5V2WjX9nTWtifx,Tutoring: Neurodivergent-Focused
rec5V2WjX9nTWtifx,Tutoring: Social Studies/Humanities
rec5V2WjX9nTWtifx,Curriculum: Neurodivergent-Focused
rec5V2WjX9nTWtifx,Tutoring: Math
rec5V2WjX9nTWtifx,Tutoring: English/Language Arts
rec5bvV8yvIKHwnNF,Therapy: Occupational
rec5bvV8yvIKHwnNF,Therapy: Physical
rec5bvV8yvIKHwnNF,Therapy: Speech
rec5dcsKEbTM7tztO,Therapy: Speech
rec5gLa4ssL9vqgPE,Tutoring: Social Studies/Humanities
rec5gLa4ssL9vqgPE,Tutoring: English/Language Arts
rec5gLa4ssL9vqgPE,Tutoring: Science
rec5gLa4ssL9vqgPE,Tutoring: Math
rec6Dbf6KaJSWzk9L,Tutoring: Neurodivergent-Focused
rec6Dbf6KaJSWzk9L,Tutoring: Math
rec6Dbf6KaJSWzk9L,Tutoring: English/Language Arts
rec6Dbf6KaJSWzk9L,Tutoring: Science
rec6Pjv0Lo5Fz9qSW,Tutoring: Science
rec6Pjv0Lo5Fz9qSW,Tutoring: Math
rec6Pjv0Lo5Fz9qSW,Tutoring: Social Studies/Humanities
rec6Pjv0Lo5Fz9qSW,Tutoring: English/Language Arts
rec6Pjv0Lo5Fz9qSW,Tutoring: Foreign Language
rec6Q1I8PZCu2RNEb,Tutoring: Math
rec6Y1TsKTzWZMi5f,Tutoring: Science
rec6Y1TsKTzWZMi5f,Tutoring: English/Language Arts
rec6Y1TsKTzWZMi5f,Tutoring: Social Studies/Humanities
rec6Y1TsKTzWZMi5f,Tutoring: Math
rec6cAi9oduhKtnoJ,Therapy: Speech
rec6iRrkCiwt0nbwe,Tutoring: Math
rec6iRrkCiwt0nbwe,Tutoring: English/Language Arts
rec6iRrkCiwt0nbwe,Tutoring: Social Studies/Humanities
rec6iRrkCiwt0nbwe,Tutoring: Science
rec6yXV5eh9uncPyX,Therapy: Occupational
rec6yXV5eh9uncPyX,Therapy: Speech
rec6yXV5eh9uncPyX,Therapy: Physical
rec70u2W2rPtBlU0q,Tutoring: Neurodivergent-Focused
rec70u2W2rPtBlU0q,Tutoring: English/Language Arts
rec7HIArdgibt39wS,Curriculum: Math
rec7HIArdgibt39wS,Curriculum: Self-Paced Courses
rec7tMWBaxEFx5jmW,Therapy: Behavioral
rec8edHhLyf9zq4rn,Tutoring: Math
rec8edHhLyf9zq4rn,Tutoring: English/Language Arts
rec8edHhLyf9zq4rn,Tutoring: Social Studies/Humanities
rec8edHhLyf9zq4rn,Tutoring: Science
rec8ie2iBVuPor3vL,Tutoring: Math
rec8ie2iBVuPor3vL,Tutoring: English/Language Arts
rec8ie2iBVuPor3vL,Therapy: Dyslexia/Dsygraphia
rec8q9A9YdLpOqSP0,Therapy: Speech
rec8xsmdXHtlRqRFg,Tutoring: Math
rec90yiCDCaphZ5Ct,Therapy: Behavioral
rec9KJN5UE2pwJiy4,Tutoring: Math
rec9OvjfwnhXp8wIu,Tutoring: Neurodivergent-Focused
rec9OvjfwnhXp8wIu,Tutoring: Math
rec9OvjfwnhXp8wIu,Tutoring: Science
rec9OvjfwnhXp8wIu,Tutoring: Social Studies/Humanities
rec9OvjfwnhXp8wIu,Tutoring: Foreign Language
rec9OvjfwnhXp8wIu,Tutoring: English/Language Arts
rec9OvjfwnhXp8wIu,Enrichment: Life Skills & Career Prep
rec9OvjfwnhXp8wIu,Enrichment: Sports & PE
rec9OvjfwnhXp8wIu,Therapy: Behavioral
rec9htUXxIpBtAqGP,Tutoring: Math
rec9htUXxIpBtAqGP,Tutoring: English/Language Arts
rec9lGUokcQqVECPb,Supplies: School Supplies
rec9lGUokcQqVECPb,Supplies: Technology
recAE3T6gfEsMYBzY,Tutoring: Math
recAH5CtLnRuRobhE,Tutoring: Neurodivergent-Focused
recAH5CtLnRuRobhE,Tutoring: Math
recAH5CtLnRuRobhE,Tutoring: English/Language Arts
recAJYJBF3I2Hy6qQ,Tutoring: Neurodivergent-Focused
recAJYJBF3I2Hy6qQ,Tutoring: Math
recAJYJBF3I2Hy6qQ,Tutoring: English/Language Arts
recAjxtHIO4BFjP1d,Tutoring: Math
recAjxtHIO4BFjP1d,Tutoring: English/Language Arts
recAuQrYSsJfHuqkq,Tutoring: Math
recB9b9HRUF2kxFfv,Therapy: Speech
recBE2sGIf3bLlQZH,Tutoring: Math
recBVcb5ngomV3Ktj,Curriculum: Math
recBVcb5ngomV3Ktj,Curriculum: Science
recBWre76GzCTpP7d,Therapy: Behavioral
recBWre76GzCTpP7d,Therapy: Other Therapy
recBkGg1B0mxOVcRn,Tutoring: English/Language Arts
recBkGg1B0mxOVcRn,Curriculum: English/Language Arts
recBrdE7qLr8quQ9o,Tutoring: Math
recBrdE7qLr8quQ9o,Tutoring: English/Language Arts
recBtnrEIxtBx7vmx,Enrichment: Art
recBtnrEIxtBx7vmx,Curriculum: Complete Curriculum
recBtnrEIxtBx7vmx,Enrichment: Science & STEM
recC1wspSYwa5NBCI,Therapy: Speech
recCLl9HSPo5vGWe9,Therapy: Speech
recCbcxy6MbI5kBgA,Tutoring: Math
recCdONJk1EZFuNsa,Tutoring: Math
recCdONJk1EZFuNsa,Tutoring: English/Language Arts
recCwUx56zi7m8HH7,Therapy: Behavioral
recD1FRlQNGsQa4dr,Tutoring: Math
recD1FRlQNGsQa4dr,Tutoring: English/Language Arts
recD1FRlQNGsQa4dr,Tutoring: Science
recD4Wj8FNwJDoGEh,Enrichment: Neurodivergent-Focused
recDEjk5wNyYtX1yS,Enrichment: Neurodivergent-Focused
recDIjEZlsi7JakmI,Therapy: Behavioral
recDbcAtZ8ZqkLpv7,Tutoring: Math
recDbcAtZ8ZqkLpv7,Tutoring: English/Language Arts
recDdjIVTBxn7WgqQ,Supplies: Health & Safety
recDdjIVTBxn7WgqQ,Supplies: Assistive Technology
recDp3ZV5dwdhSOIo,Tutoring: Math
recDqjD17zglXo6Fu,Therapy: Speech
recDx7PP9V1otZiUK,Therapy: Speech
recDzH8xzoPoH2YOG,Tutoring: Math
recDzH8xzoPoH2YOG,Tutoring: English/Language Arts
recDzH8xzoPoH2YOG,Tutoring: Science
recE2ii0eqTC8d4ON,Therapy: Occupational
recE2ii0eqTC8d4ON,Therapy: Physical
recE2ii0eqTC8d4ON,Therapy: Behavioral
recE2ii0eqTC8d4ON,Therapy: Speech
recEI0uWFZbhJUTAN,Classes: Neurodivergent-Focused
recEI0uWFZbhJUTAN,Classes: Social Studies
recEI0uWFZbhJUTAN,Classes: Science
recEI0uWFZbhJUTAN,Classes: English/Language Arts
recEI0uWFZbhJUTAN,Classes: Math
recEhVnTpgU2t1hKb,Therapy: Occupational
recEhVnTpgU2t1hKb,Therapy: Speech
recEnTnarOWpEIdSJ,Curriculum: Neurodivergent-Focused
recEnTnarOWpEIdSJ,Enrichment: Neurodivergent-Focused
recEnTnarOWpEIdSJ,Therapy: Occupational
recEnTnarOWpEIdSJ,Enrichment: Life Skills & Career Prep
recEnTnarOWpEIdSJ,Classes: Neurodivergent-Focused
recEsZNeYCXVvd2YI,Tutoring: Math
recFCIEgO6TOOaDx8,Therapy: Occupational
recFCIEgO6TOOaDx8,Therapy: Physical
recFCIEgO6TOOaDx8,Therapy: Speech
recFKmVoBkmoOSj8a,Therapy: Occupational
recFKmVoBkmoOSj8a,Therapy: Physical
recFKmVoBkmoOSj8a,Therapy: Speech
recFbv19754s4sRIK,Tutoring: Math
recFbv19754s4sRIK,Tutoring: English/Language Arts
recFbv19754s4sRIK,Tutoring: Social Studies/Humanities
recFbv19754s4sRIK,Tutoring: Science
recFmtdixHX2Lgabn,Therapy: Occupational
recFmtdixHX2Lgabn,Therapy: Dyslexia/Dsygraphia
recFmtdixHX2Lgabn,Therapy: Speech
recFwCIqxo7uekGGZ,Therapy: Speech
recGI7kyz3GBFaXPb,Tutoring: English/Language Arts
recGI7kyz3GBFaXPb,Tutoring: Math
recGK84Ao63C1wS2j,Therapy: Occupational
recGK84Ao63C1wS2j,Therapy: Speech
recGbyv82EJYthehA,Therapy: Behavioral
recGbyv82EJYthehA,Therapy: Autism Support
recGbyv82EJYthehA,Therapy: ADHD/Executive Function
recGf9xExAgrTaqM0,Therapy: Behavioral
recGf9xExAgrTaqM0,Therapy: ADHD/Executive Function
recGf9xExAgrTaqM0,Therapy: Autism Support
recGfiQadJ6KlrPdG,Tutoring: Social Studies/Humanities
recGfiQadJ6KlrPdG,Tutoring: Science
recGfiQadJ6KlrPdG,Tutoring: English/Language Arts
recGfiQadJ6KlrPdG,Tutoring: Math
recGfiQadJ6KlrPdG,Tutoring: Foreign Language
recH8aAfOcgJjztru,Therapy: Physical
recH8aAfOcgJjztru,Therapy: Speech
recHOO4YGQLv7hFj3,Therapy: Behavioral
recHOO4YGQLv7hFj3,Therapy: Autism Support
recHOO4YGQLv7hFj3,Therapy: ADHD/Executive Function
recHcLJisnmu23pJg,Therapy: Speech
recHjMZnXVb0FJ5TY,Therapy: Occupational
recHjMZnXVb0FJ5TY,Therapy: Physical
recHjMZnXVb0FJ5TY,Therapy: Speech
recI20jHdWML9nAGk,Tutoring: Math
recI5QNIMzimDKwTR,Therapy: ADHD/Executive Function
recI5QNIMzimDKwTR,Therapy: Other Therapy
recI5lUp7fT8qWCK9,Tutoring: Math
recIAWRX96KVcnUlA,Therapy: Occupational
recIAWRX96KVcnUlA,Therapy: Physical
recIAWRX96KVcnUlA,Therapy: Speech
recID7gIrVqYAjdCm,Therapy: Occupational
recID7gIrVqYAjdCm,Therapy: Speech
recIEUFKEKAYjxSKv,Tutoring: English/Language Arts
recIEUFKEKAYjxSKv,Tutoring: Math
recIEUFKEKAYjxSKv,Tutoring: Neurodivergent-Focused
recIFA8qN4GZAESg3,Tutoring: Math
recIFA8qN4GZAESg3,Tutoring: English/Language Arts
recIFA8qN4GZAESg3,Tutoring: Social Studies/Humanities
recIFA8qN4GZAESg3,Tutoring: Science
recILdb7TTKYsXqE5,Tutoring: Math
recILdb7TTKYsXqE5,Tutoring: English/Language Arts
recIVPe3iBMIMH4P7,Tutoring: English/Language Arts
recIgin7OxjuAErpw,Tutoring: Math
recIgin7OxjuAErpw,Tutoring: English/Language Arts
recIgin7OxjuAErpw,Tutoring: Social Studies/Humanities
recIgin7OxjuAErpw,Tutoring: Science
recIk06LVxVSStUg3,Classes: Foreign Language
recIk06LVxVSStUg3,Classes: Social Studies
recIk06LVxVSStUg3,Classes: English/Language Arts
recIk06LVxVSStUg3,Classes: Science
recIk06LVxVSStUg3,Classes: Math
recIk06LVxVSStUg3,Enrichment: Science & STEM
recIk06LVxVSStUg3,Enrichment: Life Skills & Career Prep
recIk06LVxVSStUg3,Enrichment: Coding
recIk06LVxVSStUg3,Enrichment: Technology
recIpwnHjBy5Jipqd,Therapy: Occupational
recIpwnHjBy5Jipqd,Therapy: Dyslexia/Dsygraphia
recIpwnHjBy5Jipqd,Therapy: Speech
recJ6p8fjxRFGEKal,Tutoring: English/Language Arts
recJ6p8fjxRFGEKal,Tutoring: Science
recJ6p8fjxRFGEKal,Tutoring: Math
recJBJkV8eO3jkNi7,Tutoring: English/Language Arts
recJBJkV8eO3jkNi7,Tutoring: Math
recJBJkV8eO3jkNi7,Tutoring: Neurodivergent-Focused
recJfQnxrkYE8wZMA,Tutoring: Math
recJfQnxrkYE8wZMA,Tutoring: English/Language Arts
recJfQnxrkYE8wZMA,Tutoring: Science
recJi2LKNNMCpUNLE,Classes: English/Language Arts
recJi2LKNNMCpUNLE,Classes: Math
recJoj6zHtOBEncyl,Tutoring: English/Language Arts
recJoj6zHtOBEncyl,Tutoring: Math
recJt0RyvIHrCiIaT,Therapy: Behavioral
recKCfrYzyihV8B0m,Therapy: Speech
recKMyOma4gHjjB0x,Therapy: Occupational
recKMyOma4gHjjB0x,Therapy: Physical
recKMyOma4gHjjB0x,Therapy: Behavioral
recKMyOma4gHjjB0x,Therapy: Speech
recKN4dJqqi26qyTr,Enrichment: Life Skills & Career Prep
recKN4dJqqi26qyTr,Tutoring: Neurodivergent-Focused
recKN4dJqqi26qyTr,Tutoring: English/Language Arts
recKN4dJqqi26qyTr,Enrichment: Neurodivergent-Focused
recKYbQyzrzCFXTGR,Tutoring: Math
recKYbQyzrzCFXTGR,Tutoring: English/Language Arts
recKo4CR4Eabh9vPh,Tutoring: English/Language Arts
recKo4CR4Eabh9vPh,Therapy: Dyslexia/Dsygraphia
recL0Z3STunnZgx9H,Curriculum: Neurodivergent-Focused
recLPnWuWq6pjUfRE,Therapy: Behavioral
recLPnWuWq6pjUfRE,Therapy: Speech
recLoGlRJWnakhCMz,Tutoring: English/Language Arts
recLoGlRJWnakhCMz,Tutoring: Math
recLtpjimgbVwRqms,Classes: Montessori
recLtpjimgbVwRqms,Classes: English/Language Arts
recLtpjimgbVwRqms,Classes: Math
recLtpjimgbVwRqms,Classes: Science
recLunUT1SW5cUGyG,Therapy: Dyslexia/Dsygraphia
recLvpIWGUjwNX4sR,Tutoring: Science
recLvpIWGUjwNX4sR,Tutoring: Social Studies/Humanities
recLvpIWGUjwNX4sR,Tutoring: Math
recLvpIWGUjwNX4sR,Tutoring: English/Language Arts
recM2HJMDYa0VkqPC,Tutoring: Math
recM2HJMDYa0VkqPC,Tutoring: English/Language Arts
recM2HJMDYa0VkqPC,Tutoring: Science
recMGc8NOtHiaKEG2,Therapy: Music
recMOD4NPb0rvNuUP,Tutoring: Math
recMOD4NPb0rvNuUP,Tutoring: English/Language Arts
recMQ3WciWPTGvGgk,Enrichment: Kits & Subscriptions
recMQ3WciWPTGvGgk,Enrichment: Science & STEM
recMR72sVh9eePZCz,Supplies: Art Supplies
recMR72sVh9eePZCz,Enrichment: Art
recMR72sVh9eePZCz,Enrichment: Kits & Subscriptions
recMRoYZymBRnCX8q,Therapy: Behavioral
recMRoYZymBRnCX8q,Therapy: Autism Support
recMRoYZymBRnCX8q,Therapy: ADHD/Executive Function
recMZT85sjr0HE8yp,Tutoring: Math
recMZT85sjr0HE8yp,Tutoring: English/Language Arts
recMZT85sjr0HE8yp,Tutoring: Social Studies/Humanities
recMZT85sjr0HE8yp,Tutoring: Science
recMmfSuoJyfTqLTQ,Tutoring: Math
recMmfSuoJyfTqLTQ,Tutoring: English/Language Arts
recMmfSuoJyfTqLTQ,Classes: Math
recMmfSuoJyfTqLTQ,Classes: English/Language Arts
recN3eMHt6Dz1Xjlj,Therapy: Behavioral
recNlPq9Awi8xCu04,Therapy: Behavioral
recNspqnhAMrCcZsV,Therapy: Physical
recNwWKHYZ71VJlrI,Therapy: Dyslexia/Dsygraphia
recNwWKHYZ71VJlrI,Therapy: Vision
recNwWKHYZ71VJlrI,Therapy: Occupational
recNwWKHYZ71VJlrI,Therapy: ADHD/Executive Function
recNwWKHYZ71VJlrI,Therapy: Autism Support
recNxoH37SJPU34f5,Tutoring: Math
recNxoH37SJPU34f5,Tutoring: English/Language Arts
recNxoH37SJPU34f5,Tutoring: Social Studies/Humanities
recOAQMCq7kYoGDwH,Therapy: Behavioral
recODzmIvz2AhCSBi,Enrichment: Science & STEM
recODzmIvz2AhCSBi,Curriculum: Science
recOM9QxSTAdnCLBa,Therapy: Behavioral
recOTIaNS5HEziGSU,Therapy: Behavioral
recOuNBWteWcfsP8E,Curriculum: Educational Software
recOuNBWteWcfsP8E,Supplies: Educational App
recP6ATiseKg8wgzq,Tutoring: English/Language Arts
recP6ATiseKg8wgzq,Tutoring: Foreign Language
recP6ATiseKg8wgzq,Tutoring: Social Studies/Humanities
recP6ATiseKg8wgzq,Tutoring: Science
recP6ATiseKg8wgzq,Tutoring: Math
recPEOS5Xm2xoycmQ,Tutoring: English/Language Arts
recPMATkzXnA3ottV,Tutoring: Math
recPQXZB1dBDkmiW8,Therapy: Behavioral
recPXatUa6vnxx6N1,Therapy: Behavioral
recPq6NOjL8vaYhqR,Tutoring: Social Studies/Humanities
recPq6NOjL8vaYhqR,Tutoring: Science
recPq6NOjL8vaYhqR,Tutoring: English/Language Arts
recPq6NOjL8vaYhqR,Tutoring: Math
recPq6NOjL8vaYhqR,Tutoring: Foreign Language
recQ1pPtslqumQyyR,Tutoring: Math
recQ1pPtslqumQyyR,Tutoring: English/Language Arts
recQ8g5W5sMKlxhPg,Therapy: Occupational
recQBqFBuAsfbfweN,Therapy: Dyslexia/Dsygraphia
recQEky74kAr87doq,Therapy: Speech
recQbZ5YJybF979JW,Therapy: Occupational
recQbZ5YJybF979JW,Therapy: Behavioral
recQbZ5YJybF979JW,Therapy: Speech
recQhv48UOnA6KYrm,Therapy: Autism Support
recQhv48UOnA6KYrm,Therapy: ADHD/Executive Function
recQpdRMafSAnZMBV,Therapy: Behavioral
recQuFihE4p5FQ04E,Tutoring: Math
recQuFihE4p5FQ04E,Tutoring: English/Language Arts
recQzWJlC3mnMeCk4,Curriculum: Books & Workbooks
recRBxaMuW0VkYcdC,Therapy: Speech
recRFo9QFZbeceuEq,Therapy: Dyslexia/Dsygraphia
recRTZICVpoBIK6rA,Tutoring: Social Studies/Humanities
recRTZICVpoBIK6rA,Tutoring: Science
recRTZICVpoBIK6rA,Tutoring: English/Language Arts
recRTZICVpoBIK6rA,Tutoring: Math
recRTZICVpoBIK6rA,Tutoring: Foreign Language
recRa4Zi4DtAM31rQ,Therapy: Behavioral
recRa4Zi4DtAM31rQ,Therapy: Autism Support
recRa4Zi4DtAM31rQ,Therapy: ADHD/Executive Function
recRbDmT43Bbod4OB,Enrichment: Life Skills & Career Prep
recRbDmT43Bbod4OB,Therapy: Other Therapy
recRfzaqLXRmNTFMV,Tutoring: English/Language Arts
recRfzaqLXRmNTFMV,Tutoring: Math
recRfzaqLXRmNTFMV,Tutoring: Neurodivergent-Focused
recRyLqxAnp98rId0,Tutoring: Math
recRyLqxAnp98rId0,Tutoring: English/Language Arts
recRyLqxAnp98rId0,Therapy: Dyslexia/Dsygraphia
recS33R9sYm5p4CFL,Tutoring: Math
recS33R9sYm5p4CFL,Tutoring: English/Language Arts
recS33R9sYm5p4CFL,Tutoring: Social Studies/Humanities
recS3ndWDLuZjrwzq,Therapy: Occupational
recS3ndWDLuZjrwzq,Therapy: Physical
recS3ndWDLuZjrwzq,Therapy: Speech
recSLLRz79K0fuWPY,Therapy: Speech
recSLLRz79K0fuWPY,Therapy: ADHD/Executive Function
recSLaY7DmmsDIH7o,Tutoring: Social Studies/Humanities
recSLaY7DmmsDIH7o,Tutoring: Science
recSLaY7DmmsDIH7o,Tutoring: English/Language Arts
recSLaY7DmmsDIH7o,Tutoring: Math
recSLaY7DmmsDIH7o,Tutoring: Foreign Language
recScL7hqluyWDiQQ,Therapy: Occupational
recScL7hqluyWDiQQ,Therapy: Behavioral
recScVBMTpc9o0TXo,Enrichment: Art
recScVBMTpc9o0TXo,Enrichment: Kits & Subscriptions
recScVBMTpc9o0TXo,Curriculum: Self-Paced Courses
recScVBMTpc9o0TXo,Curriculum: Arts
recSj6Imw4WpMAv8D,Therapy: Physical
recSq63wvpIeZUwH4,Therapy: Behavioral
recSq63wvpIeZUwH4,Therapy: Autism Support
recSq63wvpIeZUwH4,Therapy: ADHD/Executive Function
recSr65tgSnUSrGgG,Tutoring: Math
recSr65tgSnUSrGgG,Tutoring: English/Language Arts
recSr65tgSnUSrGgG,Tutoring: Science
recSxnKMrKk8oCt37,Tutoring: Math
recSxnKMrKk8oCt37,Tutoring: English/Language Arts
recSz6wFcQbTmLvLp,Enrichment: Outdoor & Adventure
recSz6wFcQbTmLvLp,Tutoring: Neurodivergent-Focused
recSz6wFcQbTmLvLp,Enrichment: Neurodivergent-Focused
recT1q4WF8dnbKHaP,Therapy: Occupational
recT2BNLw12eFRu8e,Tutoring: Math
recT2BNLw12eFRu8e,Tutoring: English/Language Arts
recTKHnN5x12qMRYa,Therapy: Behavioral
recTKHnN5x12qMRYa,Therapy: Autism Support
recTKHnN5x12qMRYa,Therapy: ADHD/Executive Function
recTQjp0O5UT73xYs,Therapy: Occupational
recTQjp0O5UT73xYs,Therapy: Speech
recTQp2tAJ4RS9brr,Tutoring: English/Language Arts
recTYc3XZCSljXpDy,Tutoring: Math
recTYc3XZCSljXpDy,Tutoring: English/Language Arts
recTameYCSCdKup8c,Therapy: Speech
recTq7a9tA0MggUEq,Tutoring: English/Language Arts
recTq7a9tA0MggUEq,Tutoring: Math
recTrXOvnVb9wYG8y,Therapy: Behavioral
recTrXOvnVb9wYG8y,Therapy: Autism Support
recTrXOvnVb9wYG8y,Therapy: Speech
recTrXOvnVb9wYG8y,Therapy: Occupational
recU5WyahlZzFvGnI,Therapy: Speech
recUA0y2nGWfajf6q,Enrichment: Life Skills & Career Prep
recUENzyM0YSPJyOu,Therapy: Speech
recUTdeWBfAFewdaN,Tutoring: Neurodivergent-Focused
recUTdeWBfAFewdaN,Tutoring: Math
recUTdeWBfAFewdaN,Tutoring: English/Language Arts
recUTdeWBfAFewdaN,Tutoring: Science
recUZThNJW45YheL0,Tutoring: Math
recUagVFk0S10CFvN,Tutoring: Math
recUruej9GpQNGGy3,Enrichment: Fitness
recV2wWciIdcRA9aD,Therapy: Occupational
recV2wWciIdcRA9aD,Therapy: Speech
recV7n3B3a73oVTPy,Tutoring: English/Language Arts
recV7n3B3a73oVTPy,Tutoring: Science
recVDs9zWtGlNGwKj,Enrichment: Swim
recVDs9zWtGlNGwKj,Enrichment: Neurodivergent-Focused
recVHGcwmTkrTSgbl,Curriculum: Books & Workbooks
recVKLCV2abvVNeYJ,Tutoring: Math
recVKLCV2abvVNeYJ,Tutoring: English/Language Arts
recVKLCV2abvVNeYJ,Tutoring: Social Studies/Humanities
recVKLCV2abvVNeYJ,Tutoring: Science
recVWL98buSNd0tuh,Tutoring: Math
recVWL98buSNd0tuh,Tutoring: English/Language Arts
recVWL98buSNd0tuh,Tutoring: Social Studies/Humanities
recVWL98buSNd0tuh,Tutoring: Science
recVnQxMZI3DlSBcY,Therapy: Behavioral
recVuLaoDmafDs2rD,Tutoring: English/Language Arts
recVuLaoDmafDs2rD,Tutoring: Foreign Language
recVuLaoDmafDs2rD,Tutoring: Neurodivergent-Focused
recVuLaoDmafDs2rD,Tutoring: Social Studies/Humanities
recVuLaoDmafDs2rD,Tutoring: Science
recVuLaoDmafDs2rD,Tutoring: Math
recW3H1otqn24OHCY,Enrichment: Music
recW6pB3vAkYpXwK6,Therapy: Behavioral
recWBv76cqmIYI2mB,Therapy: Occupational
recWBv76cqmIYI2mB,Therapy: Speech
recWCHK63AjUgFuGs,Therapy: Physical
recWFJTr71SOg050L,Therapy: Occupational
recWFJTr71SOg050L,Therapy: Physical
recWFJTr71SOg050L,Therapy: Speech
recWS8TqMWR0IsBiq,Therapy: Behavioral
recWeNLBnhrCx13M0,Tutoring: Math
recWqH4niiKfgjlpg,Tutoring: Math
recWuPKfF8OeyZIjV,Therapy: Behavioral
recX88v9dajrSWwcB,Therapy: Dyslexia/Dsygraphia
recXFLTk7X0Kn1aMt,Therapy: Occupational
recXFLTk7X0Kn1aMt,Therapy: Speech
recXL90cXKowEqsaq,Tutoring: Math
recXL90cXKowEqsaq,Tutoring: English/Language Arts
recXTmQup95a9B9o1,Tutoring: Math
recXVnbSNZ0Wz3MsX,Therapy: Autism Support
recXVnbSNZ0Wz3MsX,Therapy: Occupational
recXVnbSNZ0Wz3MsX,Therapy: Other Therapy
recXVnbSNZ0Wz3MsX,Therapy: Speech
recXdMTi0htBA4HNR,Therapy: Speech
recXdOe3ZtcHnWGWt,Tutoring: Math
recXdOe3ZtcHnWGWt,Tutoring: English/Language Arts
recXdOe3ZtcHnWGWt,Tutoring: Social Studies/Humanities
recXdOe3ZtcHnWGWt,Tutoring: Science
recXuJDAxOUpn2LuJ,Tutoring: Math
recXuJDAxOUpn2LuJ,Tutoring: English/Language Arts
recXuJDAxOUpn2LuJ,Tutoring: Foreign Language
recY5xb2gjMKpseN6,Tutoring: Math
recY5xb2gjMKpseN6,Tutoring: English/Language Arts
recYC86hiDsFs8L6f,Enrichment: Coding
recYMPm2W511upKw2,Tutoring: Foreign Language
recYMPm2W511upKw2,Tutoring: Math
recYMPm2W511upKw2,Tutoring: English/Language Arts
recYflRCml6P3CkOi,Enrichment: Swim
recYzh4ZccN5fqt7Z,Tutoring: Math
recYzh4ZccN5fqt7Z,Tutoring: English/Language Arts
recZ7qCLCexki5asi,Tutoring: Math
recZ7qCLCexki5asi,Tutoring: Science
recZHNvHrTRDEPnMe,Therapy: Occupational
recZHNvHrTRDEPnMe,Therapy: Speech
recZMoOmrwoat295f,Therapy: Speech
recZiScpVaomrIDZt,Classes: Math
recZqmUcPVrt7wLSc,Tutoring: English/Language Arts
recaBp7KA5E9jbSpE,Therapy: Speech
recaEt7hxilCTgOns,Therapy: Dyslexia/Dsygraphia
recaFysJHeIPYZays,Therapy: Behavioral
recaKpxxffRbaFfXp,Therapy: Occupational
recaKpxxffRbaFfXp,Enrichment: Sports & PE
recaKpxxffRbaFfXp,Enrichment: Fitness
recaKpxxffRbaFfXp,Enrichment: Neurodivergent-Focused
recaOnRYbIIRGNjdn,Enrichment: Kits & Subscriptions
recaOnRYbIIRGNjdn,Enrichment: Science & STEM
recaOnRYbIIRGNjdn,Supplies: Science Supplies
recalPCog8xmdH0To,Therapy: Occupational
recalPCog8xmdH0To,Therapy: Behavioral
recalPCog8xmdH0To,Therapy: Speech
recaojGdzEwbbkYTI,Therapy: Speech
recaovvBPorf5Z0qC,Therapy: Occupational
recaovvBPorf5Z0qC,Therapy: Behavioral
recaovvBPorf5Z0qC,Enrichment: Neurodivergent-Focused
recaqrJPF5eCsPRaG,Tutoring: Social Studies/Humanities
recaqrJPF5eCsPRaG,Tutoring: Science
recaqrJPF5eCsPRaG,Tutoring: English/Language Arts
recaqrJPF5eCsPRaG,Tutoring: Math
recaqrJPF5eCsPRaG,Tutoring: Foreign Language
recaqvPg6I9cA8eZF,Enrichment: Neurodivergent-Focused
recas5lYY8WrRIyS2,Tutoring: Neurodivergent-Focused
recb7RgynQncXqOoc,Therapy: Occupational
recbDsRPIm7ViemFW,Curriculum: English/Language Arts
recbSGfTgkA2oDgUg,Tutoring: Social Studies/Humanities
recbSGfTgkA2oDgUg,Tutoring: Science
recbSGfTgkA2oDgUg,Tutoring: English/Language Arts
recbSGfTgkA2oDgUg,Tutoring: Math
recbSGfTgkA2oDgUg,Tutoring: Foreign Language
recbWTIIWOrA4WTID,Tutoring: English/Language Arts
recbxivyXSMPvcRzX,Classes: Math
recbxivyXSMPvcRzX,Classes: Foreign Language
recbxivyXSMPvcRzX,Classes: English/Language Arts
recbxivyXSMPvcRzX,Classes: Science
recbxivyXSMPvcRzX,Curriculum: English/Language Arts
recbyRvEkrZPLoERc,Therapy: Speech
reccNOPaHYvFun3P4,Therapy: Occupational
reccNOPaHYvFun3P4,Therapy: Dyslexia/Dsygraphia
reccNOPaHYvFun3P4,Therapy: Speech
reccNOPaHYvFun3P4,Tutoring: Neurodivergent-Focused
reccaPxNT2D3m85CI,Therapy: Behavioral
recd504EGjjugDMHZ,Tutoring: English/Language Arts
recd504EGjjugDMHZ,Classes: Foreign Language
recd504EGjjugDMHZ,Classes: Science
recd504EGjjugDMHZ,Classes: Math
recd504EGjjugDMHZ,Tutoring: Foreign Language
recd504EGjjugDMHZ,Tutoring: Social Studies/Humanities
recd504EGjjugDMHZ,Curriculum: English/Language Arts
recd504EGjjugDMHZ,Tutoring: Science
recd504EGjjugDMHZ,Classes: English/Language Arts
recd504EGjjugDMHZ,Classes: Social Studies
recd504EGjjugDMHZ,Tutoring: Math
recd504EGjjugDMHZ,Enrichment: Coding
recdCamVct5QzGcNC,Therapy: Behavioral
receFxOcjRUIsRorb,Enrichment: Theater
receFxOcjRUIsRorb,Enrichment: Music
receFxOcjRUIsRorb,Enrichment: Art
receLD3JUi0d7CmPo,Therapy: Physical
receLD3JUi0d7CmPo,Therapy: Dyslexia/Dsygraphia
receLD3JUi0d7CmPo,Therapy: Speech
receLD3JUi0d7CmPo,Therapy: Behavioral
receLD3JUi0d7CmPo,Therapy: Occupational
recei16gKbKk1zgVt,Tutoring: Social Studies/Humanities
recei16gKbKk1zgVt,Tutoring: Science
recei16gKbKk1zgVt,Tutoring: English/Language Arts
recei16gKbKk1zgVt,Tutoring: Math
recei16gKbKk1zgVt,Tutoring: Foreign Language
recewTHXrJoDMc3xt,Therapy: Dyslexia/Dsygraphia
recewd6m7kaSaIuBW,Tutoring: Math
recfZOxFT4C78ltHS,Therapy: Speech
recfk9kYrE0myFXB0,Therapy: Dyslexia/Dsygraphia
recfx3BcuwQDFXPlT,Tutoring: Math
recfx3BcuwQDFXPlT,Tutoring: English/Language Arts
recg3p95P9sMYDzWj,Therapy: Speech
recgJAbVDz4XBhbO0,Tutoring: Neurodivergent-Focused
recgJAbVDz4XBhbO0,Tutoring: English/Language Arts
recgKGhfgmoYEKwi5,Curriculum: Self-Paced Courses
recgU8O3I3qGiKbUA,Tutoring: Math
recgU8O3I3qGiKbUA,Tutoring: English/Language Arts
recgUeQiM1OEiMYLI,Curriculum: Self-Paced Courses
recgdi6FIMLW2W05k,Tutoring: Math
recgdi6FIMLW2W05k,Tutoring: English/Language Arts
recgkY3djbXcmOqhF,Therapy: Speech
rech0By7kHjbDSXfl,Tutoring: English/Language Arts
rech0By7kHjbDSXfl,Tutoring: Math
rechOXqfNCEpNK3EO,Therapy: Occupational
rechOXqfNCEpNK3EO,Therapy: Speech
reche7NjUvommDEba,Therapy: Behavioral
reci8wsGdohESN5jF,Therapy: Behavioral
reciFt4cDbTLe1HNh,Tutoring: Neurodivergent-Focused
reciFt4cDbTLe1HNh,Tutoring: Social Studies/Humanities
reciFt4cDbTLe1HNh,Tutoring: Science
reciFt4cDbTLe1HNh,Tutoring: English/Language Arts
reciFt4cDbTLe1HNh,Tutoring: Math
reciFt4cDbTLe1HNh,Tutoring: Foreign Language
reciGARTByuO2gb0J,Tutoring: Math
reciGARTByuO2gb0J,Tutoring: English/Language Arts
reciMFaWHnnVCHqQy,Therapy: Dyslexia/Dsygraphia
reciaFlwbOXcg4hHK,Enrichment: Kits & Subscriptions
reciaFlwbOXcg4hHK,Curriculum: Books & Workbooks
reciaFlwbOXcg4hHK,Enrichment: Art
reciaFlwbOXcg4hHK,Curriculum: Arts
recih2zea01uCBk4O,Therapy: Occupational
recih2zea01uCBk4O,Therapy: Speech
reciycq4wR67ZGEt4,Curriculum: Books & Workbooks
reciycq4wR67ZGEt4,Curriculum: English/Language Arts
reciydPXMzPDy6kB2,Therapy: Autism Support
reciydPXMzPDy6kB2,Curriculum: Neurodivergent-Focused
recjJYal4kYtf0vgu,Therapy: Behavioral
recjJYal4kYtf0vgu,Therapy: Autism Support
recjJYal4kYtf0vgu,Therapy: ADHD/Executive Function
recjPdA1ywlIkR4NS,Therapy: Occupational
recjPdA1ywlIkR4NS,Therapy: Physical
recjXaBOiVfjdfkjO,Curriculum: Social Studies
recjYBUITx0Cqk6KF,Therapy: Behavioral
recjbIMU7MO98PwBV,Therapy: Dyslexia/Dsygraphia
recjfk7Xc7CzIpvbj,Tutoring: Math
recjfk7Xc7CzIpvbj,Tutoring: English/Language Arts
reckR8KrJH4FkCRfW,Curriculum: English/Language Arts
reckeCDccUNLKJvCn,Therapy: Speech
recktsKUDlH6VtQum,Tutoring: Math
recktsKUDlH6VtQum,Tutoring: English/Language Arts
reckxiEDnL9SuBGcO,Therapy: Occupational
reckxiEDnL9SuBGcO,Therapy: Behavioral
reckxiEDnL9SuBGcO,Therapy: Speech
reckzelgnF8z8Zgl3,Supplies: Science Supplies
reckzelgnF8z8Zgl3,Enrichment: Science & STEM
reckzelgnF8z8Zgl3,Enrichment: Kits & Subscriptions
recldw9zA02iUHFbT,Therapy: Occupational
recldw9zA02iUHFbT,Therapy: Speech
reclhVTaSlkbFRqyF,Therapy: Occupational
reclhVTaSlkbFRqyF,Therapy: Physical
reclsIZeB157l9O1K,Tutoring: Math
reclsIZeB157l9O1K,Tutoring: English/Language Arts
recm1o0SiL2cy0hUQ,Tutoring: Math
recm1o0SiL2cy0hUQ,Tutoring: English/Language Arts
recmEdM6LxRmmhaaW,Therapy: Dyslexia/Dsygraphia
recmIsr4d713Texju,Tutoring: Math
recmPfpi8CsHWXNBf,Tutoring: Math
recmyBoLRJbeQiChg,Tutoring: Math
recmyT5Ug8G2EZuvV,Enrichment: Neurodivergent-Focused
recnBLE3319RFTuol,Therapy: Physical
recnSZ9JSWMcQIsva,Tutoring: Math
recnSZ9JSWMcQIsva,Tutoring: English/Language Arts
recnSZ9JSWMcQIsva,Tutoring: Social Studies/Humanities
recnSZ9JSWMcQIsva,Tutoring: Neurodivergent-Focused
recnTjCpad9R9E9MG,Enrichment: Outdoor & Adventure
recnWx9pC9lYmS6Xi,Tutoring: Neurodivergent-Focused
recnWx9pC9lYmS6Xi,Tutoring: Social Studies/Humanities
recnWx9pC9lYmS6Xi,Curriculum: Neurodivergent-Focused
recnWx9pC9lYmS6Xi,Tutoring: Science
recnWx9pC9lYmS6Xi,Tutoring: English/Language Arts
recnWx9pC9lYmS6Xi,Tutoring: Math
recnWx9pC9lYmS6Xi,Tutoring: Foreign Language
recnWx9pC9lYmS6Xi,Curriculum: English/Language Arts
recnbSmLLwflresFY,Tutoring: Social Studies/Humanities
recnbSmLLwflresFY,Tutoring: English/Language Arts
recnbSmLLwflresFY,Tutoring: Math
recnbSmLLwflresFY,Tutoring: Foreign Language
recnhB1mRCdv2h7n1,Tutoring: Math
recnhB1mRCdv2h7n1,Tutoring: English/Language Arts
recnmLgdH8GtwNL38,Tutoring: Social Studies/Humanities
recnmLgdH8GtwNL38,Tutoring: Science
recnmLgdH8GtwNL38,Tutoring: English/Language Arts
recnmLgdH8GtwNL38,Tutoring: Math
recnmLgdH8GtwNL38,Tutoring: Foreign Language
recnqdn39SDvB9h1q,Enrichment: Swim
recnqdn39SDvB9h1q,Therapy: Physical
recnqdn39SDvB9h1q,Enrichment: Sports & PE
recnqdn39SDvB9h1q,Enrichment: Coding
recnqdn39SDvB9h1q,Enrichment: Neurodivergent-Focused
recnqdn39SDvB9h1q,Therapy: Occupational
recnqdn39SDvB9h1q,Enrichment: Fitness
recnwsBdEy3Za75vf,Tutoring: Neurodivergent-Focused
recnwsBdEy3Za75vf,Tutoring: Science
recnwsBdEy3Za75vf,Tutoring: Math
reco661HuRIRR2RYh,Tutoring: Social Studies/Humanities
reco661HuRIRR2RYh,Tutoring: Science
reco661HuRIRR2RYh,Tutoring: English/Language Arts
reco661HuRIRR2RYh,Tutoring: Math
reco661HuRIRR2RYh,Tutoring: Foreign Language
recoHZUoveQkwnErU,Therapy: Occupational
recoHZUoveQkwnErU,Therapy: Speech
recoYHffG0rdebREM,Therapy: Speech
recogMilYeR2oB2RD,Tutoring: Math
recogMilYeR2oB2RD,Tutoring: English/Language Arts
recogMilYeR2oB2RD,Tutoring: Social Studies/Humanities
recogMilYeR2oB2RD,Tutoring: Science
recoxOwaFo9y7S3gC,Therapy: Behavioral
recpRpRRdjb4EypNU,Enrichment: Neurodivergent-Focused
recpVFlFnZMgpRrb1,Tutoring: Neurodivergent-Focused
recpVFlFnZMgpRrb1,Enrichment: Neurodivergent-Focused
recpgBwvcslruHs8m,Tutoring: English/Language Arts
recpgBwvcslruHs8m,Tutoring: Math
recpgBwvcslruHs8m,Tutoring: Science
recpgBwvcslruHs8m,Tutoring: Foreign Language
recpx4JR4dIixJsqj,Tutoring: Neurodivergent-Focused
recpx4JR4dIixJsqj,Tutoring: English/Language Arts
recqYN7NwZW2nO5QF,Therapy: Behavioral
recqaeO3UseAykj8O,Curriculum: Educational Software
recqaeO3UseAykj8O,Curriculum: English/Language Arts
recqaeO3UseAykj8O,Curriculum: Phonics
recqqeX3oydvy6Ut1,Classes: English/Language Arts
recqqeX3oydvy6Ut1,Tutoring: Math
recqqeX3oydvy6Ut1,Tutoring: English/Language Arts
recqqeX3oydvy6Ut1,Classes: Math
recr6jGqIPfYCCgCM,Therapy: Speech
recr6jGqIPfYCCgCM,Therapy: Physical
recr6jGqIPfYCCgCM,Therapy: Occupational
recrVQ9BOwKOJ40tU,Tutoring: English/Language Arts
recrVQ9BOwKOJ40tU,Tutoring: Math
recrhYMdfX8j0ybVa,Therapy: Behavioral
recriSDoBDg9Iktrg,Enrichment: Life Skills & Career Prep
recrjt2AmcacPuoXg,Therapy: Dyslexia/Dsygraphia
recrl6vQ4efgqI9b0,Therapy: Dyslexia/Dsygraphia
recrl6vQ4efgqI9b0,Therapy: Speech
recrlh5kRgiZHWfXT,Therapy: Dyslexia/Dsygraphia
recrvFqXlHsZN2GxV,Tutoring: Neurodivergent-Focused
recrvFqXlHsZN2GxV,Tutoring: Math
recrvFqXlHsZN2GxV,Tutoring: English/Language Arts
recs1xbX3kAeGBoKI,Supplies: Science Supplies
recs1xbX3kAeGBoKI,Supplies: Technology
recs1xbX3kAeGBoKI,Supplies: Art Supplies
recsSnCgRxQ99xHb0,Tutoring: Neurodivergent-Focused
recsSnCgRxQ99xHb0,Tutoring: Math
recsSnCgRxQ99xHb0,Tutoring: English/Language Arts
recsSnCgRxQ99xHb0,Tutoring: Science
recsT5RGuXGnqhlFv,Tutoring: English/Language Arts
recsT5RGuXGnqhlFv,Tutoring: Math
recsWqJQrKa4RHGfD,Tutoring: Math
recsWqJQrKa4RHGfD,Tutoring: English/Language Arts
recsdsAFeybA6EVnW,Tutoring: Math
recsdsAFeybA6EVnW,Tutoring: English/Language Arts
recsjdV63lupx1T18,Curriculum: Self-Paced Courses
recspggXNJV48mueo,Tutoring: English/Language Arts
recspggXNJV48mueo,Tutoring: Neurodivergent-Focused
recspggXNJV48mueo,Tutoring: Social Studies/Humanities
recspggXNJV48mueo,Tutoring: Science
recspggXNJV48mueo,Tutoring: Math
recssZau7PITXULqT,Supplies: School Supplies
recssZau7PITXULqT,Curriculum: Books & Workbooks
recssZau7PITXULqT,Enrichment: Kits & Subscriptions
recssZau7PITXULqT,Enrichment: Technology
recssZau7PITXULqT,Enrichment: Science & STEM
recssZau7PITXULqT,Supplies: Technology
rect1D9UZ0EUV27nT,Curriculum: Neurodivergent-Focused
rect6zRVqmOQpCcCO,Tutoring: English/Language Arts
rect6zRVqmOQpCcCO,Therapy: Dyslexia/Dsygraphia
rectJn34BSs02fNKB,Therapy: Behavioral
recu58G5vHWG8oUh9,Tutoring: English/Language Arts
recu58G5vHWG8oUh9,Tutoring: Math
recu58G5vHWG8oUh9,Therapy: Dyslexia/Dsygraphia
recu58G5vHWG8oUh9,Therapy: ADHD/Executive Function
recu58G5vHWG8oUh9,Therapy: Other Therapy
recuVoHd0FnXOatES,Classes: Math
recuVoHd0FnXOatES,Curriculum: Phonics
recuVoHd0FnXOatES,Curriculum: Online Learning Platform
recuVoHd0FnXOatES,Classes: English/Language Arts
recuVoHd0FnXOatES,Classes: Science
recuVoHd0FnXOatES,Curriculum: Educational Software
recuVoHd0FnXOatES,Curriculum: Science
recuVoHd0FnXOatES,Enrichment: Fitness
recuVoHd0FnXOatES,Curriculum: English/Language Arts
recuhk7NRUK7cpOtK,Therapy: Dyslexia/Dsygraphia
recv13FL7lydIEeu6,Therapy: Speech
recvijDcLhscl8trj,Therapy: Behavioral
recvijDcLhscl8trj,Therapy: Autism Support
recvijDcLhscl8trj,Therapy: ADHD/Executive Function
recvlCg6OA1eVanzL,Therapy: Occupational
recvlCg6OA1eVanzL,Therapy: Physical
recvlCg6OA1eVanzL,Therapy: Speech
recvq5e2H1ZWBR3qz,Enrichment: Kits & Subscriptions
recvq5e2H1ZWBR3qz,Curriculum: Science
recvq5e2H1ZWBR3qz,Enrichment: Science & STEM
recvq5e2H1ZWBR3qz,Enrichment: Technology
recwCq0zBE7595SUb,Therapy: Occupational
recwCq0zBE7595SUb,Therapy: Speech
recwG8LdsAHCSKkFO,Supplies: Educational App
recwKCxgyKgtbTfFB,Therapy: Behavioral
recwQfbiuSh3clOkf,Tutoring: Science
recwQfbiuSh3clOkf,Tutoring: English/Language Arts
recwgyVHJoZDWf3Kz,Tutoring: Social Studies/Humanities
recwgyVHJoZDWf3Kz,Tutoring: Science
recwgyVHJoZDWf3Kz,Tutoring: English/Language Arts
recwgyVHJoZDWf3Kz,Tutoring: Math
recwgyVHJoZDWf3Kz,Tutoring: Foreign Language
recwl3QgSS7z9qKyH,Tutoring: English/Language Arts
recwl3QgSS7z9qKyH,Tutoring: Math
recwl3QgSS7z9qKyH,Curriculum: Self-Paced Courses
recwl3QgSS7z9qKyH,Curriculum: English/Language Arts
recwm7NBPAadIjljW,Classes: Foreign Language
recwm7NBPAadIjljW,Classes: Math
recwm7NBPAadIjljW,Curriculum: English/Language Arts
recwm7NBPAadIjljW,Classes: Science
recwm7NBPAadIjljW,Tutoring: Social Studies/Humanities
recwm7NBPAadIjljW,Tutoring: Science
recwm7NBPAadIjljW,Tutoring: English/Language Arts
recwm7NBPAadIjljW,Tutoring: Math
recwm7NBPAadIjljW,Tutoring: Foreign Language
recwm7NBPAadIjljW,Classes: Social Studies
recwm7NBPAadIjljW,Classes: English/Language Arts
recx3Q008yD2HVsoy,Tutoring: Math
recxLBKVtAy7CciIi,Therapy: Occupational
recxLBKVtAy7CciIi,Therapy: Physical
recxLBKVtAy7CciIi,Therapy: Speech
recxR4SCna8ABsU2K,Therapy: Dyslexia/Dsygraphia
recxapSyKFDV2Sn0j,Tutoring: Foreign Language
recxvqIJ1EnRyrPJb,Enrichment: Cooking
recxvqIJ1EnRyrPJb,Enrichment: Music
recxvqIJ1EnRyrPJb,Curriculum: Self-Paced Courses
recxvqIJ1EnRyrPJb,Enrichment: Life Skills & Career Prep
recxvqIJ1EnRyrPJb,Enrichment: Neurodivergent-Focused
recxvqIJ1EnRyrPJb,Enrichment: Science & STEM
recxvqIJ1EnRyrPJb,Curriculum: Neurodivergent-Focused
recxwubwxpnsvjOjj,Tutoring: Math
recxwubwxpnsvjOjj,Tutoring: English/Language Arts
recyCOYafD70vdgb9,Tutoring: Neurodivergent-Focused
recyCOYafD70vdgb9,Tutoring: Math
recyCOYafD70vdgb9,Tutoring: English/Language Arts
recyJag43CA7RdVOx,Therapy: Dyslexia/Dsygraphia
recyJag43CA7RdVOx,Classes: English/Language Arts
recyJag43CA7RdVOx,Tutoring: English/Language Arts
recyJag43CA7RdVOx,Tutoring: Neurodivergent-Focused
recyNSJsk1uWHTjas,Therapy: Occupational
recyNSJsk1uWHTjas,Therapy: Physical
recyNSJsk1uWHTjas,Therapy: Speech
recyQ7PdbzcQSnsge,Tutoring: Math
recyV59BDBWMjh7VO,Therapy: Occupational
recyV59BDBWMjh7VO,Therapy: Behavioral
recyV59BDBWMjh7VO,Therapy: Speech
recyXlXEMRddAJTnI,Tutoring: Math
recyXlXEMRddAJTnI,Tutoring: English/Language Arts
recyXlXEMRddAJTnI,Tutoring: Social Studies/Humanities
recyXlXEMRddAJTnI,Tutoring: Science
recyebaXJvqdW38OC,Therapy: Behavioral
recyh9iOjAwTxWlkS,Therapy: Speech
recyikItRbld60R3w,Tutoring: Math
recynBRv7C4ugO7lV,Tutoring: Math
recypzAvIrMqfAsH5,Therapy: Behavioral
recypzAvIrMqfAsH5,Therapy: Autism Support
recypzAvIrMqfAsH5,Therapy: ADHD/Executive Function
recywUZqux77A34Pl,Tutoring: Social Studies/Humanities
recywUZqux77A34Pl,Enrichment: Music
recywUZqux77A34Pl,Tutoring: Science
recywUZqux77A34Pl,Tutoring: English/Language Arts
recywUZqux77A34Pl,Tutoring: Math
recywUZqux77A34Pl,Tutoring: Foreign Language
recyzVvFEcGWaQ2dT,Therapy: Behavioral
recz9NHPcT3RwUl9N,Tutoring: Math
reczSGDlIZ212AkbU,Tutoring: Social Studies/Humanities
reczSGDlIZ212AkbU,Tutoring: Science
reczSGDlIZ212AkbU,Tutoring: English/Language Arts
reczSGDlIZ212AkbU,Tutoring: Math
reczSGDlIZ212AkbU,Tutoring: Foreign Language
reczV35UXGYVcNkcO,Therapy: Autism Support
reczhNQ1kmt2Ogw05,Tutoring: Math
recziWDFrsBvi3Nw5,Tutoring: Neurodivergent-Focused
recziWDFrsBvi3Nw5,Tutoring: Math
recziWDFrsBvi3Nw5,Tutoring: English/Language Arts
reczoxVYhhU0SNqDC,Tutoring: English/Language Arts
reczoxVYhhU0SNqDC,Tutoring: Math
reczrUj5uJXx4JJ6S,Enrichment: Science & STEM
reczuqR9Tn4qBV5Be,Therapy: Occupational
reczuqR9Tn4qBV5Be,Therapy: Dyslexia/Dsygraphia
reczuqR9Tn4qBV5Be,Therapy: Speech
