vendor_id,financial_accessibility
rec02A3QUWtTH4msz,Sibling Discounts
rec040XwIN6rdU09I,Scholarships Available
rec040XwIN6rdU09I,Sibling Discounts
rec05fCMHCinpVaog,Scholarships Available
rec05fCMHCinpVaog,Sibling Discounts
rec12SU3KqseTrfNw,Sibling Discounts
rec12yux4qX7mPRuZ,Scholarships Available
rec1AonKqMLanSbDk,Sibling Discounts
rec1WNQ2GGBwUHgU8,Sibling Discounts
rec1s3wrheI48qqFM,Scholarships Available
rec1s3wrheI48qqFM,Sibling Discounts
rec1wRZSLSXxqXwEa,Sibling Discounts
rec23iOt8uZjwqige,Sibling Discounts
rec27J80NJd4GmWBO,Scholarships Available
rec27J80NJd4GmWBO,Sibling Discounts
rec2dFFcylNtNb9io,Scholarships Available
rec2dFFcylNtNb9io,Sibling Discounts
rec2jOPUr93U8N0xf,Sibling Discounts
rec2uNiGuKcmCKCeO,Scholarships Available
rec2yGjMEVHjpFDSF,Scholarships Available
rec2yHlMK0aagIXk1,Scholarships Available
rec2yHlMK0aagIXk1,Sibling Discounts
rec2zivIrLDvMJRrO,Scholarships Available
rec31uiSmEUR44687,Sibling Discounts
rec36gswkz9393REx,Scholarships Available
rec36gswkz9393REx,Sliding Scale Tuition
rec36gswkz9393REx,Sibling Discounts
rec39ZvKfzpamRMsn,Scholarships Available
rec3DsHo7uBBcw12R,Scholarships Available
rec3LREfvn91mEbB1,Scholarships Available
rec3LREfvn91mEbB1,Sibling Discounts
rec3Mkt249EXJmJjF,Scholarships Available
rec3kgDfGHKqthhb5,Scholarships Available
rec3kgDfGHKqthhb5,Sliding Scale Tuition
rec3kgDfGHKqthhb5,Sibling Discounts
rec3odCobz94ltJNv,Scholarships Available
rec3odCobz94ltJNv,Sliding Scale Tuition
rec3odCobz94ltJNv,Sibling Discounts
rec3qrmY6jii23yIO,Scholarships Available
rec3qrmY6jii23yIO,Sliding Scale Tuition
rec3tCZbGMULgHlNe,Sibling Discounts
rec3zTYAmsGQv7pYN,Scholarships Available
rec461ggSwNbyWbcE,Sibling Discounts
rec4M3KpISqynTJeC,Scholarships Available
rec4XE5hHk8HPAI7K,Sibling Discounts
rec4ly58JLHC9DCZW,Scholarships Available
rec4pIpFFsiAC7Say,Scholarships Available
rec4pIpFFsiAC7Say,Sibling Discounts
rec4xIj9yD0IRdRXr,Sibling Discounts
rec54EeKcQpptuaJU,Sibling Discounts
rec5BykijJsnCuaz5,Sibling Discounts
rec5KJkUHK7MDKJ7X,Sibling Discounts
rec5M3epEJShUf9v1,Sibling Discounts
rec5aMtR0ouhT3oS5,Sibling Discounts
rec5bBezcYyk0hu3C,Sibling Discounts
rec5fjrs3eO2oSqnu,Scholarships Available
rec5mAjx3lQoqZfan,Scholarships Available
rec5mAjx3lQoqZfan,Sibling Discounts
rec5zXYHRA9LWbF4v,Sibling Discounts
rec612QGYDIenmkuP,Scholarships Available
rec61lV1MeyYvxN5f,Scholarships Available
rec62LDUfJHMd4CSS,Sibling Discounts
rec67w4UrKMgaZ33T,Sibling Discounts
rec6BfLYkUoBzNAQP,Scholarships Available
rec6BfLYkUoBzNAQP,Sliding Scale Tuition
rec6BfLYkUoBzNAQP,Sibling Discounts
rec6D0LcQGesiF0KW,Scholarships Available
rec6D0LcQGesiF0KW,Sibling Discounts
rec6UTNItbIz4w8sI,Scholarships Available
rec6VrmulnQSrU18l,Scholarships Available
rec6isYpYcMfTsNI3,Scholarships Available
rec6isYpYcMfTsNI3,Sibling Discounts
rec6jTGTAshpTOXB9,Sibling Discounts
rec6nfYFHBMEWj7mI,Scholarships Available
rec6qPv4v1HbpDI5m,Scholarships Available
rec7FggskiGwYrNMx,Scholarships Available
rec7IeVUaC4uJHmLJ,Sibling Discounts
rec7NGg93Q18lfvas,Sibling Discounts
rec7WgxjxgUDSYKOF,Scholarships Available
rec7qbIfkNkGPuhrv,Scholarships Available
rec7qbIfkNkGPuhrv,Sliding Scale Tuition
rec7qbIfkNkGPuhrv,Sibling Discounts
rec7xKTxDPGmg3Bcc,Scholarships Available
rec8GWEDimd8XdEXl,Sibling Discounts
rec8O3vlvndC5g5mS,Scholarships Available
rec8Sw9XkiQAkTemj,Scholarships Available
rec8ZVoEjN3K1fy5J,Scholarships Available
rec96pp1PQQ7q9oDE,Scholarships Available
rec96pp1PQQ7q9oDE,Sibling Discounts
rec9A5yzbFFW8i92B,Scholarships Available
rec9A5yzbFFW8i92B,Sliding Scale Tuition
rec9A5yzbFFW8i92B,Sibling Discounts
rec9BBqfBdudG19lx,Scholarships Available
rec9BBqfBdudG19lx,Sibling Discounts
rec9NNyCy5LBRSys0,Scholarships Available
rec9NNyCy5LBRSys0,Sibling Discounts
rec9Yq6FHZEQNdtOA,Sibling Discounts
rec9fdzkKS7F930em,Sibling Discounts
rec9jANO4LMSpURR3,Scholarships Available
rec9jANO4LMSpURR3,Sibling Discounts
rec9lJ1mbhtPcBlTp,Scholarships Available
rec9lJ1mbhtPcBlTp,Sliding Scale Tuition
rec9lJ1mbhtPcBlTp,Sibling Discounts
rec9pJqUOFc5OMOHZ,Scholarships Available
recAAdM0wwY3RtTu8,Sibling Discounts
recAWcSyREtyfzhDP,Scholarships Available
recAWcSyREtyfzhDP,Sliding Scale Tuition
recAWcSyREtyfzhDP,Sibling Discounts
recAZjCZnUKpsjYRH,Sibling Discounts
recAbXiKy5jw4klv0,Scholarships Available
recAbXiKy5jw4klv0,Sibling Discounts
recAeZqt54bhTJyY0,Scholarships Available
recAgNQZRb4Ulhpk9,Scholarships Available
recAgNQZRb4Ulhpk9,Sibling Discounts
recB6XBo1GoVtg41x,Sibling Discounts
recBGTwBrsC7cf3sv,Scholarships Available
recBGTwBrsC7cf3sv,Sibling Discounts
recBY8CE3j1KmfWok,Scholarships Available
recBoKdl1EJtAqbOB,Sibling Discounts
recBufKIq9zpMSsci,Scholarships Available
recCUVNTDY4SyO191,Scholarships Available
recCWF6RxGUHjE7DC,Scholarships Available
recCWF6RxGUHjE7DC,Sibling Discounts
recCa0ZbXQDwEHT19,Scholarships Available
recCa0ZbXQDwEHT19,Sibling Discounts
recCexCYnicBbRBqA,Scholarships Available
recCexCYnicBbRBqA,Sliding Scale Tuition
recCexCYnicBbRBqA,Sibling Discounts
recCjTLtTjucZIGcj,Scholarships Available
recCjTLtTjucZIGcj,Sibling Discounts
recCjYwpyEIJ0YKZ7,Scholarships Available
recCjYwpyEIJ0YKZ7,Sliding Scale Tuition
recCjYwpyEIJ0YKZ7,Sibling Discounts
recCnvfz16J6DFLbq,Sibling Discounts
recCoQOp7SztuwLaF,Sibling Discounts
recCrumY1ZlSC6t7i,Scholarships Available
recCrumY1ZlSC6t7i,Sibling Discounts
recCv2Z9MU57SQMAt,Scholarships Available
recCv2Z9MU57SQMAt,Sibling Discounts
recD79W36ww8cwsAc,Scholarships Available
recDB235hp35PHqfO,Sibling Discounts
recDD0akOKzUfPSVQ,Scholarships Available
recDD0akOKzUfPSVQ,Sibling Discounts
recDPQh0sNpcrzRQB,Scholarships Available
recDPQh0sNpcrzRQB,Sliding Scale Tuition
recDPQh0sNpcrzRQB,Sibling Discounts
recDbpWREKnRQuDQm,Scholarships Available
recDbpWREKnRQuDQm,Sibling Discounts
recDcE8J4gfXG61Yj,Scholarships Available
recDcE8J4gfXG61Yj,Sliding Scale Tuition
recDcE8J4gfXG61Yj,Sibling Discounts
recDfgS42lamIoQ8u,Sibling Discounts
recDs0CK5snVuIaT8,Sibling Discounts
recDtZda1p1zv0aQb,Scholarships Available
recDtZda1p1zv0aQb,Sibling Discounts
recE217N46NEVG7n7,Scholarships Available
recE217N46NEVG7n7,Sibling Discounts
recE5o267nYT8VPra,Scholarships Available
recEKOBW4mV54Ka0S,Scholarships Available
recEKOBW4mV54Ka0S,Sibling Discounts
recETGvJMYpQ64mjv,Sibling Discounts
recETHLR26A6Gj65B,Sibling Discounts
recEXatmRcL1SyLoA,Scholarships Available
recEXatmRcL1SyLoA,Sibling Discounts
recEXjbUbm0TwUU0P,Scholarships Available
recEXjbUbm0TwUU0P,Sibling Discounts
recEmXUBef32DQBDp,Scholarships Available
recEmXUBef32DQBDp,Sliding Scale Tuition
recEmXUBef32DQBDp,Sibling Discounts
recEukpDDEjxsF7SI,Scholarships Available
recEukpDDEjxsF7SI,Sibling Discounts
recF3P61i0iFyfMMn,Scholarships Available
recF3P61i0iFyfMMn,Sibling Discounts
recF3bhl9wfU9hb13,Sibling Discounts
recF6uqAUAozEZKd5,Scholarships Available
recF6uqAUAozEZKd5,Sibling Discounts
recFixF7sIQYPRocX,Sibling Discounts
recFmWm3PuovqtPzG,Scholarships Available
recFmWm3PuovqtPzG,Sibling Discounts
recFvTHtGC71nH7Fu,Sibling Discounts
recFx3t2ixksvUt51,Scholarships Available
recG1PfSrxuZLQnSe,Sibling Discounts
recGMPsVWKHhhJp19,Scholarships Available
recGkNldpI1ug0ZmA,Scholarships Available
recGq6NZGPxjppzCd,Scholarships Available
recGqol3kqWoDz6hs,Scholarships Available
recGqol3kqWoDz6hs,Sliding Scale Tuition
recGsqKqBwxJSnFDp,Scholarships Available
recGy6NKs4nR7rH7w,Scholarships Available
recGy6NKs4nR7rH7w,Sibling Discounts
recHGlFU7s75K27qn,Sibling Discounts
recHK5wI4TzD9YI3f,Scholarships Available
recHK5wI4TzD9YI3f,Sibling Discounts
recHSD87N0CQ4LQUz,Scholarships Available
recHSD87N0CQ4LQUz,Sibling Discounts
recHWQppxMGKgU4Iw,Sibling Discounts
recHtB8vk4uMDUbWA,Scholarships Available
recHtB8vk4uMDUbWA,Sibling Discounts
recIAah9mcI1Z2A6x,Scholarships Available
recIKaZ8YlMvYufV5,Sibling Discounts
recIMgmALUr4orHgc,Sibling Discounts
recIjfIDDhnMuxOqT,Scholarships Available
recIjfIDDhnMuxOqT,Sliding Scale Tuition
recIjfIDDhnMuxOqT,Sibling Discounts
recIqOnBhsABDBDgy,Scholarships Available
recIqOnBhsABDBDgy,Sibling Discounts
recIsFeQmamli2SOG,Scholarships Available
recIsFeQmamli2SOG,Sibling Discounts
recIwxA58Ybm0zpt8,Scholarships Available
recIwxA58Ybm0zpt8,Sibling Discounts
recIxtPAkdissEzUu,Sibling Discounts
recIyehwD6U63knVO,Scholarships Available
recJOfwv5c8ZuopIm,Scholarships Available
recJOfwv5c8ZuopIm,Sliding Scale Tuition
recJOfwv5c8ZuopIm,Sibling Discounts
recJp2ejZ6KAyHQjN,Scholarships Available
recJp2ejZ6KAyHQjN,Sibling Discounts
recJxpVuRxKfgsYoS,Scholarships Available
recJxpVuRxKfgsYoS,Sibling Discounts
recJzepyfOklZdFh7,Sibling Discounts
recK4Ck7dKQqvq0qG,Scholarships Available
recK4Ck7dKQqvq0qG,Sibling Discounts
recKDqiR65QSyPOJw,Scholarships Available
recKDqiR65QSyPOJw,Sibling Discounts
recKQGxLnD2t9k7vf,Scholarships Available
recKRPEJ8lpJGaU4S,Scholarships Available
recKRPEJ8lpJGaU4S,Sliding Scale Tuition
recKRPEJ8lpJGaU4S,Sibling Discounts
recKYYKXq64Av2cHa,Scholarships Available
recKYYKXq64Av2cHa,Sibling Discounts
recKZ3hKQCejpK3r4,Scholarships Available
recKZ3hKQCejpK3r4,Sibling Discounts
recKZH9xcfZesRbK6,Scholarships Available
recKZH9xcfZesRbK6,Sibling Discounts
recKZkifheaHhVrd2,Scholarships Available
recKZkifheaHhVrd2,Sibling Discounts
recKkuw4ydeX2eXV6,Scholarships Available
recKkuw4ydeX2eXV6,Sibling Discounts
recKu5rn7E0wMW6vw,Sibling Discounts
recKxruM5bxb6C4Nl,Scholarships Available
recKxruM5bxb6C4Nl,Sibling Discounts
recKzGfeKHBrAtIW3,Sibling Discounts
recLX77RwKkClxxKc,Scholarships Available
recLX77RwKkClxxKc,Sibling Discounts
recLilhemcXj8trs0,Scholarships Available
recLilhemcXj8trs0,Sibling Discounts
recM1Nv4Tl4y9JCbd,Sibling Discounts
recM7IQkA0sZP7bjl,Scholarships Available
recM7vTNUU74O3LUp,Scholarships Available
recM7vTNUU74O3LUp,Sibling Discounts
recMArjwVkZudZqjH,Scholarships Available
recMOzMahNbIjXYRr,Sibling Discounts
recMTHFeMOnWRypFZ,Scholarships Available
recMTHFeMOnWRypFZ,Sibling Discounts
recMiPzH9epEFlOca,Scholarships Available
recMiPzH9epEFlOca,Sliding Scale Tuition
recMiPzH9epEFlOca,Sibling Discounts
recMjmxIF6cqppVkS,Scholarships Available
recMjmxIF6cqppVkS,Sibling Discounts
recN0ivJUcQs219dE,Scholarships Available
recN0ivJUcQs219dE,Sibling Discounts
recN33h3OnfhFBafx,Sibling Discounts
recN8MTUu17mhJI3T,Sibling Discounts
recNBLDxVXStWxNob,Scholarships Available
recNBLDxVXStWxNob,Sibling Discounts
recNC90yz82GGQGQt,Scholarships Available
recNC90yz82GGQGQt,Sibling Discounts
recNPU2XTfEsV2xof,Scholarships Available
recNPU2XTfEsV2xof,Sibling Discounts
recNmZTTqRWHaUQu0,Scholarships Available
recNmZTTqRWHaUQu0,Sibling Discounts
recNoIMSd3dTQj0tj,Sibling Discounts
recNtA4qYCU3c2DSy,Scholarships Available
recNvRXNB4sN23cZ1,Scholarships Available
recNvRXNB4sN23cZ1,Sliding Scale Tuition
recO4JxQ1CmcNPIEi,Sibling Discounts
recORDMK0FooihIeD,Scholarships Available
recORcYs579g5dapJ,Sibling Discounts
recOSIbkPykike7Cf,Sibling Discounts
recOabNVmH3EWCOMW,Scholarships Available
recP4mpC0ARAnGNCC,Scholarships Available
recP4mpC0ARAnGNCC,Sibling Discounts
recP5Z5Hj4kpbzztJ,Scholarships Available
recP5Z5Hj4kpbzztJ,Sibling Discounts
recP8I2sRowcVyVuk,Scholarships Available
recP8I2sRowcVyVuk,Sibling Discounts
recP9XOpbkI9iyDZG,Scholarships Available
recP9XOpbkI9iyDZG,Sibling Discounts
recPGuAihOYhY3Vkn,Sibling Discounts
recPM8NWChjhHWJ6o,Sibling Discounts
recPPX8pjENS3h7L5,Scholarships Available
recPPX8pjENS3h7L5,Sliding Scale Tuition
recPPX8pjENS3h7L5,Sibling Discounts
recPRt2yTWAS6HcJU,Sibling Discounts
recPXqaoSg1Sb2Av0,Sibling Discounts
recPrQVJEN5DegrOm,Scholarships Available
recPrQVJEN5DegrOm,Sibling Discounts
recPvoSYIusSe1WUj,Sibling Discounts
recQ0m8phaKdz1q8K,Sibling Discounts
recQ8IzbU5e7wbw7P,Sibling Discounts
recQK9NHx5r1jw9Qg,Scholarships Available
recQK9NHx5r1jw9Qg,Sibling Discounts
recQNbNPmIHfBTS5M,Scholarships Available
recQNbNPmIHfBTS5M,Sibling Discounts
recQTEtAUbco42IP8,Sibling Discounts
recQnJ8vNmxo51Zuj,Scholarships Available
recQnJ8vNmxo51Zuj,Sibling Discounts
recRF9UaUrImcmSY3,Sibling Discounts
recRWRzH3IU5P36RC,Sibling Discounts
recReFgFhW8RPvgEd,Sibling Discounts
recRi8awgENlgdtXH,Scholarships Available
recRi8awgENlgdtXH,Sibling Discounts
recRqPBzbL1j0laly,Scholarships Available
recRqPBzbL1j0laly,Sliding Scale Tuition
recRqPBzbL1j0laly,Sibling Discounts
recRrgyhhWb7VAMxK,Sibling Discounts
recSNgWiw8RwYu3LW,Sibling Discounts
recSbjPpCWwFafKI3,Sibling Discounts
recShvvnosU7x1VLQ,Sliding Scale Tuition
recShvvnosU7x1VLQ,Sibling Discounts
recSn3NQDh4RXk40m,Sliding Scale Tuition
recSn3NQDh4RXk40m,Sibling Discounts
recSnjd0mTOsdDZy4,Scholarships Available
recSnjd0mTOsdDZy4,Sibling Discounts
recSqp86F2msOznAt,Scholarships Available
recSqp86F2msOznAt,Sibling Discounts
recTACkk8Jqgwuiv4,Scholarships Available
recTMyeUPqJ2OzlZC,Sibling Discounts
recTSMECDHFIdlKcM,Sibling Discounts
recTefJiSlCU7KTzG,Scholarships Available
recTqMSjvSqbLHIos,Scholarships Available
recTqMSjvSqbLHIos,Sibling Discounts
recUHepSEgjjjtUDl,Scholarships Available
recUHepSEgjjjtUDl,Sibling Discounts
recUUxSk5wS4h8P9C,Sibling Discounts
recUYObF5ucOvyFW6,Sibling Discounts
recUg6YJiCI4OtOOe,Scholarships Available
recUg6YJiCI4OtOOe,Sibling Discounts
recUhhttQzn6Y2pP1,Sibling Discounts
recUqfC9kjzGeAKpe,Sibling Discounts
recUsBK4nGkcLoNNB,Sibling Discounts
recV4j0rx0pvPLiQg,Sibling Discounts
recVDSKzwggLDOUoI,Scholarships Available
recVTttmz1UzlMios,Scholarships Available
recVTttmz1UzlMios,Sibling Discounts
recVqdoD1f3XKftij,Sibling Discounts
recWLJP3xu5qV63gH,Scholarships Available
recWLJP3xu5qV63gH,Sibling Discounts
recWQrfIv7aGX5Cof,Sibling Discounts
recWVP6yeIbuGQy9Y,Sibling Discounts
recWYFEUHHUNp61OG,Scholarships Available
recWd8iDiMHrb7k3v,Sibling Discounts
recWqC81MQz5hgCAs,Sibling Discounts
recWrW9cIcyftBgb1,Scholarships Available
recWwaA5qgovPEDHA,Scholarships Available
recWwaA5qgovPEDHA,Sliding Scale Tuition
recWwaA5qgovPEDHA,Sibling Discounts
recX5tz2T8RGU1s9w,Scholarships Available
recX7975eixSlVD4e,Scholarships Available
recX7975eixSlVD4e,Sibling Discounts
recXCqiakR3IpvjGF,Sibling Discounts
recXLdMORg9gnF3hw,Sibling Discounts
recXQrEODTy2faJu9,Scholarships Available
recXQrEODTy2faJu9,Sibling Discounts
recXYojzj5wdkHqPF,Scholarships Available
recY2pz3kE96KK6WI,Scholarships Available
recY6KwPfYJLtfb4N,Scholarships Available
recY6KwPfYJLtfb4N,Sibling Discounts
recY6xIgalRqvA4dM,Sibling Discounts
recY9eTz0gconFP7R,Scholarships Available
recY9eTz0gconFP7R,Sibling Discounts
recYXlRrZbbaAT0qZ,Scholarships Available
recYXlRrZbbaAT0qZ,Sibling Discounts
recYikdb15T2JccxH,Scholarships Available
recYikdb15T2JccxH,Sibling Discounts
recYtjteuHKyvFjUo,Sibling Discounts
recYzjyXFwqKqt1zu,Scholarships Available
recZ5QRv9QcHjfnsu,Sibling Discounts
recZHsjYTuGAphuhJ,Scholarships Available
recZHsjYTuGAphuhJ,Sibling Discounts
recZPLh1q7OxCsIwY,Sibling Discounts
recZZfsp4FQn0tK8z,Sibling Discounts
recZhnNmt5avRGBwh,Scholarships Available
recZhnNmt5avRGBwh,Sibling Discounts
recZkEZOKSi2UEHAd,Scholarships Available
recZkEZOKSi2UEHAd,Sibling Discounts
recZv6PcH5o96NVAd,Scholarships Available
recZvb767p8aYEaAI,Sibling Discounts
reca8JOqv0FwGrfLd,Sibling Discounts
reca9R76l6GRUwQCp,Sibling Discounts
recaOjt51XFczd1Xr,Scholarships Available
recaVwwTcx58ErL8Z,Scholarships Available
recaW0bnDpHY8Y6zH,Scholarships Available
recaW0bnDpHY8Y6zH,Sibling Discounts
recairnzHc6sqLzib,Scholarships Available
recairnzHc6sqLzib,Sibling Discounts
recaqdHRyFXkzKQVX,Scholarships Available
recaqdHRyFXkzKQVX,Sliding Scale Tuition
recaqdHRyFXkzKQVX,Sibling Discounts
recarwHfQDhyAp6vA,Scholarships Available
recbS7LzT1zx1gD7h,Sibling Discounts
recba1YwmlpYtZsRd,Scholarships Available
recba1YwmlpYtZsRd,Sliding Scale Tuition
recba1YwmlpYtZsRd,Sibling Discounts
recbbBwOcS2TVtGAQ,Sliding Scale Tuition
recbbBwOcS2TVtGAQ,Sibling Discounts
recbdIFzqVwTh5EVS,Scholarships Available
recbdIFzqVwTh5EVS,Sibling Discounts
recbhryL4wcs4U0ri,Sliding Scale Tuition
recbhryL4wcs4U0ri,Sibling Discounts
recbj5fZ6N2gfRoLZ,Scholarships Available
recbj5fZ6N2gfRoLZ,Sibling Discounts
recc67ahK0ID4QohG,Scholarships Available
recc67ahK0ID4QohG,Sibling Discounts
reccUyR62s3l0yngV,Scholarships Available
reccWIgIZUgFp0dEf,Scholarships Available
reccWIgIZUgFp0dEf,Sibling Discounts
recccxPX1Ws5cliHg,Scholarships Available
recccxPX1Ws5cliHg,Sliding Scale Tuition
recccxPX1Ws5cliHg,Sibling Discounts
reccgJYSnWnW2Yxab,Scholarships Available
reccgJYSnWnW2Yxab,Sibling Discounts
reccp2uQYeE9tJhy0,Sibling Discounts
reccypmmpf3qIVhTa,Sibling Discounts
recd3VRfL0awGjwwt,Sibling Discounts
recdAPL6MoL95EuYo,Sibling Discounts
recdESWr2fvyJU0oj,Sibling Discounts
recdI1fbyvp9m93LN,Scholarships Available
recdI1fbyvp9m93LN,Sibling Discounts
recdK67uBH64af3zk,Scholarships Available
recdK67uBH64af3zk,Sibling Discounts
recdZ7xKF4TSsnetI,Scholarships Available
recdZ7xKF4TSsnetI,Sibling Discounts
recdeHRuFRv1YSx9W,Scholarships Available
recdeHRuFRv1YSx9W,Sibling Discounts
recdwG7w2H2eGa3En,Sibling Discounts
rece19fL2tnwRR2o8,Scholarships Available
rece69fXBBX7ok0av,Scholarships Available
rece69fXBBX7ok0av,Sibling Discounts
receBI8BAxCODds4r,Scholarships Available
receCO250eKawlap1,Scholarships Available
receCO250eKawlap1,Sibling Discounts
receQNkhLZUiVBTRg,Scholarships Available
receRy2DmjX253D5U,Scholarships Available
receRy2DmjX253D5U,Sibling Discounts
receSHzo8pQRM0gau,Scholarships Available
rececqIrUXdC34aqK,Scholarships Available
receoKrLnvOPpH3Un,Sibling Discounts
recf0UvhD7JNl125g,Sibling Discounts
recf7ovNAFGT0BSrj,Sibling Discounts
recfQyZDA4ohKl3FE,Scholarships Available
recfQyZDA4ohKl3FE,Sibling Discounts
recfR5HYospGueawp,Scholarships Available
recfX7TkoFYMRqxSq,Sibling Discounts
recfjyp2TYgMYz50I,Sibling Discounts
recgCePPc7AUWvvw8,Scholarships Available
recgCePPc7AUWvvw8,Sliding Scale Tuition
recgCePPc7AUWvvw8,Sibling Discounts
recgLlehQYmGZaZET,Scholarships Available
recgLlehQYmGZaZET,Sibling Discounts
recgM15MDWVXjpF6H,Scholarships Available
recgM15MDWVXjpF6H,Sliding Scale Tuition
recgS4Rq06JTHlued,Scholarships Available
recgS4Rq06JTHlued,Sibling Discounts
recgaTJNP3D2BmohA,Sibling Discounts
recgbBlElE3VXKlaC,Scholarships Available
recgbBlElE3VXKlaC,Sibling Discounts
recgxk9Tcd6ZGYNJn,Scholarships Available
recgyTWTFjFKOVTIz,Sibling Discounts
rech4OZpW530Ai8W0,Sibling Discounts
rech9IsfRslo5z1YN,Sibling Discounts
rechKrJYBjExxGEs2,Sibling Discounts
rechMPwUX3lFNla5d,Scholarships Available
rechMPwUX3lFNla5d,Sibling Discounts
rechQpJJ9ifaE6JJ1,Sibling Discounts
rechTwJDDiSwnUPMD,Sibling Discounts
rechWkbRHuEwWevR5,Scholarships Available
rechWkbRHuEwWevR5,Sliding Scale Tuition
rechWkbRHuEwWevR5,Sibling Discounts
rechZKiAtbofxiGg3,Scholarships Available
recheqh6j7bBuF1XU,Sibling Discounts
rechl17OBmwLw3z2O,Scholarships Available
rechl17OBmwLw3z2O,Sibling Discounts
rechnopCYosPQlzdH,Scholarships Available
rechnopCYosPQlzdH,Sibling Discounts
rechujdh3xCzN9QNx,Scholarships Available
rechujdh3xCzN9QNx,Sibling Discounts
rechwW2px75OnrZDT,Scholarships Available
rechwW2px75OnrZDT,Sibling Discounts
recid4HvD0F0Nd4Ea,Sibling Discounts
recjAox9uZDs0bXml,Scholarships Available
recjAox9uZDs0bXml,Sibling Discounts
recjF2GWZB25wMhnd,Sibling Discounts
recjJBz6yKnwHBelo,Sibling Discounts
recjbKajGKiM8GTyU,Sibling Discounts
recjdjs9ILEal188a,Scholarships Available
recje3a2MHYc0aSjg,Sibling Discounts
recjidbG0UFqyJ0EF,Scholarships Available
recjidbG0UFqyJ0EF,Sibling Discounts
recjjfENHoMGQuhJ5,Scholarships Available
recjjfENHoMGQuhJ5,Sibling Discounts
recjwqefMrF9YrgLY,Sibling Discounts
reck7LhemsUewJRO7,Sliding Scale Tuition
reck7LhemsUewJRO7,Sibling Discounts
reckFoOzkJtimfpyu,Scholarships Available
reckFoOzkJtimfpyu,Sibling Discounts
reckTVJYM8boL2b83,Scholarships Available
reckhUcnpcwGUzulo,Sibling Discounts
recklYBXQHBHfuw8R,Sibling Discounts
reckqYnKpywwOEMrq,Sibling Discounts
recl38JAHXc26Xfar,Sibling Discounts
recl3TJ9NGmtdaV34,Scholarships Available
reclGIWnVJNU0IbLJ,Scholarships Available
reclULlO9jYJODT6B,Scholarships Available
reclZkAANn1k06SEE,Sibling Discounts
recldPGAYvl4a1Txc,Scholarships Available
recldPGAYvl4a1Txc,Sibling Discounts
reclfIMwVVA153NC2,Sibling Discounts
recli6D509eHt9wBC,Scholarships Available
reclzKartTwsM4jbY,Scholarships Available
recmEUByBWJGoN69p,Scholarships Available
recmEUByBWJGoN69p,Sibling Discounts
recmYrH0wX2N2OCNM,Scholarships Available
recmwdhG1DYXNIrY7,Scholarships Available
recmwdhG1DYXNIrY7,Sibling Discounts
recmxYG1jE4E3IoPl,Scholarships Available
recn2Z6KjlLdPEyys,Sibling Discounts
recn3QTiTWlUULlHP,Scholarships Available
recn3QTiTWlUULlHP,Sibling Discounts
recn3w3LWoC5vT3R5,Sibling Discounts
recn4qaIV99a4srGg,Scholarships Available
recn4qaIV99a4srGg,Sibling Discounts
recnARMI6t1umiGAh,Scholarships Available
recnhd35tVAjYb4FF,Scholarships Available
recnvygCmjzbxfdhU,Scholarships Available
recoCsDZ4Nt8szbdh,Sibling Discounts
recoLXZXbvKVI6kdx,Scholarships Available
recoOj2yNnwOE8sgb,Sibling Discounts
recoQrat1RVGpfEwd,Scholarships Available
recoQrat1RVGpfEwd,Sibling Discounts
recoiTFNdqCsBvDLK,Sibling Discounts
recozC50SKj6V1Q96,Sibling Discounts
recp0U1PT0UVk0lc7,Scholarships Available
recp0U1PT0UVk0lc7,Sibling Discounts
recp4vNOvhIw7l5eD,Scholarships Available
recp4vNOvhIw7l5eD,Sliding Scale Tuition
recp4vNOvhIw7l5eD,Sibling Discounts
recpQUX0N7f4XXO0u,Scholarships Available
recpQUX0N7f4XXO0u,Sibling Discounts
recpR76VBR3XXX8yw,Scholarships Available
recpTKMgqPfKlllK0,Sibling Discounts
recphoR8nC0O9FQjS,Scholarships Available
recpnbzXKAZa6FkSj,Sibling Discounts
recpuyG1DqWEOmOJd,Sibling Discounts
recq9yJLzdYiRhZuS,Sibling Discounts
recqBQMsPtA4Qg1Sq,Scholarships Available
recqWHeqM52XZo2hd,Sibling Discounts
recqWKYVhaENy7jXZ,Sliding Scale Tuition
recqWOAlrNoOOJtcn,Scholarships Available
recqWOAlrNoOOJtcn,Sibling Discounts
recqWhb5YRbz0Z4qe,Sibling Discounts
recqhINJ0SjC5dJyp,Sibling Discounts
recqmKlvuYqT2bym6,Scholarships Available
recqmKlvuYqT2bym6,Sibling Discounts
recr5ub0ELucxrnVv,Sibling Discounts
recrN70YNYMJ2GDhk,Sibling Discounts
recrQdoD6ir3JFSKm,Scholarships Available
recrQdoD6ir3JFSKm,Sliding Scale Tuition
recrQdoD6ir3JFSKm,Sibling Discounts
recrX5uhqXmNo5gyL,Sibling Discounts
recrZvKX4OvMe2mgl,Scholarships Available
recrZvKX4OvMe2mgl,Sibling Discounts
recrkOz38IgLFaPvA,Scholarships Available
recrkOz38IgLFaPvA,Sibling Discounts
recrkRkJcvspQ5TzU,Scholarships Available
recrkRkJcvspQ5TzU,Sibling Discounts
recroFuu4XEbm0LbH,Scholarships Available
recsV97uvbSpQTBxY,Scholarships Available
recsV97uvbSpQTBxY,Sliding Scale Tuition
recsV97uvbSpQTBxY,Sibling Discounts
recsavjEObbgAouSm,Scholarships Available
recsavjEObbgAouSm,Sibling Discounts
recsb2DVoMzSPd0cy,Scholarships Available
recsb2DVoMzSPd0cy,Sibling Discounts
recsd0XnW5cI14kGu,Scholarships Available
recsd0XnW5cI14kGu,Sliding Scale Tuition
recsd0XnW5cI14kGu,Sibling Discounts
recsmH0Wt9wkd6A2x,Scholarships Available
recsmH0Wt9wkd6A2x,Sibling Discounts
rect4lBeSMtkQfKt4,Scholarships Available
rect4lBeSMtkQfKt4,Sliding Scale Tuition
rect4lBeSMtkQfKt4,Sibling Discounts
rect65eLGTTJHaBqV,Scholarships Available
rect65eLGTTJHaBqV,Sibling Discounts
rectAcsAPt4mz3qZI,Sibling Discounts
rectEZqSzG5UDilLx,Scholarships Available
rectHDbi7suzoA7ke,Scholarships Available
rectHDbi7suzoA7ke,Sibling Discounts
rectPIPdZrXfUBgCD,Scholarships Available
rectPIPdZrXfUBgCD,Sibling Discounts
rectSV4Ir4ANQ8vTR,Sibling Discounts
recteKonCEG18HAtA,Sibling Discounts
rectmvdqFCwjhiM1T,Scholarships Available
rectyLEPMuxhq5z72,Scholarships Available
rectyLEPMuxhq5z72,Sibling Discounts
recu3HnqmKvGIkwWb,Scholarships Available
recu3HnqmKvGIkwWb,Sibling Discounts
recuDErjTMqiaCTYB,Sibling Discounts
recuK6HsRy74i0B8E,Scholarships Available
recuK6HsRy74i0B8E,Sliding Scale Tuition
recuK6HsRy74i0B8E,Sibling Discounts
recuKbxvRYRdPNpTW,Scholarships Available
recuYtLmgOpqZkUgE,Scholarships Available
recuYtLmgOpqZkUgE,Sibling Discounts
recusYINHFmpWRkke,Scholarships Available
recusYINHFmpWRkke,Sibling Discounts
recuwKCnB52vqqliJ,Sibling Discounts
recv6uObPbtQsXlR5,Scholarships Available
recv6uObPbtQsXlR5,Sibling Discounts
recvHQzepaB5b6Xyw,Scholarships Available
recvHQzepaB5b6Xyw,Sibling Discounts
recvSiQ5sJfdCM0xT,Scholarships Available
recvUdxz6f2nFu8vt,Scholarships Available
recvUdxz6f2nFu8vt,Sibling Discounts
recvmTmRciPqv6HdB,Sibling Discounts
recwIjeYZbvFK2JJ7,Sibling Discounts
recwJ0GJFY72SmTZc,Sibling Discounts
recwdSTgIfBQoPGGk,Sibling Discounts
recwqBikTkBq0Jukw,Sibling Discounts
recx2SWttZkKDvL2b,Scholarships Available
recx2SWttZkKDvL2b,Sibling Discounts
recx5WyHG91LHg733,Scholarships Available
recx5WyHG91LHg733,Sibling Discounts
recx7qOrPedFTpQSV,Scholarships Available
recx7qOrPedFTpQSV,Sibling Discounts
recxBV4PHO4gRpjhC,Sibling Discounts
recxDqBVJIOeRY3bD,Scholarships Available
recxDqBVJIOeRY3bD,Sibling Discounts
recxJDRlOehu0gwQf,Sibling Discounts
recxL7th9amviVKUT,Scholarships Available
recxLzxDtYxNEGlLj,Scholarships Available
recxNNhmUaJ3avIm1,Scholarships Available
recxNNhmUaJ3avIm1,Sibling Discounts
recxc1WZhAMwugS8G,Sibling Discounts
recxhv6CLmHYskJ7k,Scholarships Available
recxhv6CLmHYskJ7k,Sibling Discounts
recxjkC7fEoFVYjLk,Sliding Scale Tuition
recxjkC7fEoFVYjLk,Sibling Discounts
recxtk2sT8KSW0844,Scholarships Available
recxtk2sT8KSW0844,Sibling Discounts
recyEjoflPEZetpt3,Scholarships Available
recyEjoflPEZetpt3,Sibling Discounts
recyQaOLpmnoPerAG,Scholarships Available
recyaQsc19Vy6WeE3,Sibling Discounts
recybPMG3pznssJjS,Scholarships Available
recybPMG3pznssJjS,Sibling Discounts
recyhHSU7ooEOD3KN,Sibling Discounts
recyoZRTuuKuNVymB,Scholarships Available
recyoZRTuuKuNVymB,Sibling Discounts
recyxgexwpsTTpEOi,Scholarships Available
recyxgexwpsTTpEOi,Sibling Discounts
recz9ui2OokPg19l8,Sibling Discounts
reczIarcqDeRIcBv3,Scholarships Available
reczUPlLhTpQriRGt,Scholarships Available
reczUPlLhTpQriRGt,Sliding Scale Tuition
reczUPlLhTpQriRGt,Sibling Discounts
reczV8tbvNq6XCnQw,Sibling Discounts
reczWuoNDZrBsBuq6,Scholarships Available
reczWuoNDZrBsBuq6,Sibling Discounts
reczXilUoBlbMvl9n,Scholarships Available
reczaTWRqSMDqqd8P,Scholarships Available
reczaTWRqSMDqqd8P,Sibling Discounts
reczhIHEyS84HB2M5,Scholarships Available
reczhIHEyS84HB2M5,Sibling Discounts
reczy9uCLrVcWKWuA,Scholarships Available
reczy9uCLrVcWKWuA,Sibling Discounts
