vendor_id,service_type
rec02A3QUWtTH4msz,local
rec03MGMU2Ggp3mgN,local
rec040XwIN6rdU09I,local
rec05fCMHCinpVaog,local
rec05zYl59hMQkZEF,local
rec06uxlPbMdRMohy,local
rec08VvPB8VROOQBI,local
rec0AcUbQ2KY2FXv6,local
rec0B7apVyNdg5RW5,local
rec0Ih6vIYmAEtNd1,local
rec0KOtPRdDMj1vKt,local
rec0LBIaWrR9tp3f3,local
rec0LFMaeIcVkxL7h,local
rec0LP3kPSXc8bvWu,local
rec0N5OOsmyfC5WCI,local
rec0QpiOMNxuBfxvF,local
rec0RW85xJyDv86wr,local
rec0YoQyX6CEiTuKN,local
rec0ZYdzrsI2jMPkv,local
rec0b00SnG1QGtTF5,local
rec0bKs86ZFJ6q6UD,local
rec0fUbjtxKJi9IuF,local
rec0fumDhVcXXnHj9,local
rec0hanAG3TUNX9s0,local
rec0jEmymh16i3Cb2,local
rec0kXwBurkouZpKW,local
rec0n3cf8UoWiFVyD,local
rec0nIfa3Uafcs6A5,local
rec0qdzBx3M3n0WXc,local
rec0teErbvaQ0loRA,local
rec0uQ1a8LUec3caz,local
rec0zNBSPa55fGXr1,local
rec0zmu32f2ykhcDY,local
rec12SU3KqseTrfNw,local
rec12yux4qX7mPRuZ,local
rec1AonKqMLanSbDk,local
rec1Be84y3bDcOt5m,local
rec1CHQSxx3sPZWEh,online
rec1Dlv7ui5TeNJN2,local
rec1Fl0hiVkbAvR8W,local
rec1FuTiDhTtkvSk0,local
rec1I8ZBKD800gZEz,local
rec1IW4n6FgkWsIAV,local
rec1IpHkzZMSuIIQd,local
rec1LWitmFPS5ftuV,local
rec1NeREO0KjGb8LY,local
rec1SRiAz6HA7yqEe,local
rec1SsbCztougDyH9,local
rec1SzAwSbhUXtC5A,local
rec1TjUMKEWkSfi0y,local
rec1WNQ2GGBwUHgU8,local
rec1XaYwfFrQ67COL,local
rec1aKBRA1cQsLldd,local
rec1aZywCZw9sqnHt,local
rec1dhnew0eTKAK66,local
rec1efrOXutNX7tcy,local
rec1iPvJyzwgDlUqT,local
rec1jYWTDTGDUpW5K,local
rec1jcdRDUprC5JKV,local
rec1k6rtOMGYN6cgR,local
rec1kXXvIucG7UkoA,local
rec1l2KWKoOYaoY5O,online
rec1n9IfovOddH7Vh,local
rec1s3wrheI48qqFM,local
rec1uf1VOjBVFUfQl,local
rec1vqoLFmWFN9nuz,local
rec1wRZSLSXxqXwEa,local
rec1xyFNED4ZXEum4,local
rec1zQu6tRRiJQPeq,local
rec23iOt8uZjwqige,local
rec25Uh5SH7jsRRT6,local
rec27J80NJd4GmWBO,local
rec2Atg9AQeWSrg4v,local
rec2DmSyyCxexs9mE,local
rec2F4cZ5d1D5UErB,local
rec2IqWRkonWk3nMU,local
rec2M8vYbfTEXsRMz,local
rec2OE1z3tMNHakmj,local
rec2OQ1vUup72e7NU,local
rec2TLoFhQdb8CeEF,local
rec2UbievNAIL0JLh,local
rec2bxfahcXxjeAiX,local
rec2ckggayWVb6Z3x,local
rec2csB12H2i2X0gt,local
rec2dFFcylNtNb9io,local
rec2iCn5MFHbFp2yU,local
rec2jOPUr93U8N0xf,local
rec2kD0e2uENWqxAp,local
rec2n7lyLfyfRoLZ7,local
rec2sLbBzhYiNn67E,local
rec2uNiGuKcmCKCeO,local
rec2v0xMwbCc5ZzDL,local
rec2vLCnw5ZdFQy3k,local
rec2x3xToEllwisqH,local
rec2yGjMEVHjpFDSF,local
rec2yHlMK0aagIXk1,local
rec2zivIrLDvMJRrO,local
rec30aCiZvXoFxVH4,local
rec31uiSmEUR44687,local
rec35jDr4bnMzkFzI,local
rec36Dulz3uGhynnH,local
rec36gswkz9393REx,local
rec3979FLMuIZgeOT,local
rec39ZvKfzpamRMsn,local
rec39bZ99GWUa9GCl,local
rec3CidfjgONQpk1a,local
rec3DsHo7uBBcw12R,local
rec3GQtaUnoPVf1f5,local
rec3GhDapNWwHNt8z,local
rec3HcjWV4pNfGrQC,local
rec3LREfvn91mEbB1,local
rec3MUhW8HtDW9WVj,local
rec3Mkt249EXJmJjF,local
rec3ONmCIOA21n0J6,local
rec3ONxuSLuvBz72F,local
rec3QO5qTcHm0JRKp,local
rec3VuQcc98V1nr7y,local
rec3XLv114esoUaLc,online
rec3ZwIGqVEedNMwX,local
rec3aQtN11neDotWW,local
rec3b2wSpaXUi2uxM,local
rec3bXbAHP3oVTXDU,local
rec3jZVdxbeKeoB0q,local
rec3kbTPUHuK4YLJA,local
rec3kgDfGHKqthhb5,local
rec3mJyBb7EgLXep0,local
rec3mse4DVmgWF6Mh,local
rec3nebfoqWHkPTtR,local
rec3odCobz94ltJNv,local
rec3ohjYO06iSc2Ta,local
rec3qrmY6jii23yIO,local
rec3rHUBjsCVhxZco,local
rec3rXHLaIMRJx3gW,local
rec3rZa2fmNfvRzWX,local
rec3tCZbGMULgHlNe,local
rec3tUtaDZuyfB8CH,local
rec3vPbM4k1Nwclqa,local
rec3vpOERxpLcCi6A,online
rec3vpOERxpLcCi6A,local
rec3wxW3pjEDwrOUg,local
rec3x1xpZpDzb0uSR,local
rec3yIQL66ZJpTQa0,local
rec3zTYAmsGQv7pYN,local
rec40CcYbmCZNKLbw,local
rec41jSgf66qakLWU,local
rec423BJbx9aUMIOo,local
rec461ggSwNbyWbcE,local
rec48IdBXm5TjE80i,local
rec4BVXCGRSQYtmco,local
rec4EUwtQDFKMQjJp,local
rec4GQzQXILqizGDQ,local
rec4LMU0RqL8V2f36,local
rec4M3KpISqynTJeC,local
rec4MJj2XbHmFk3Zv,local
rec4Mo97ZTlxmLEZ0,local
rec4TMJD4I1MqkECp,local
rec4WsP69fjiUgEZn,local
rec4XE5hHk8HPAI7K,local
rec4Zf0wsThwTvKwd,local
rec4a8oWAEkRt5XIE,local
rec4eC0G7OI0JkIF8,local
rec4jHTKvmUIl7prR,local
rec4jdNmPu5gSXqlQ,local
rec4lfllZVw4y04wq,local
rec4ly58JLHC9DCZW,local
rec4lyeS2NjhHgk19,online
rec4lyeS2NjhHgk19,local
rec4pDCoV7r2ChBa8,local
rec4pIpFFsiAC7Say,local
rec4qdy3GNqL6d2RI,local
rec4vYrne49NslQM1,local
rec4wc2tZONCcKEIF,local
rec4xIj9yD0IRdRXr,local
rec52DnEFtB78F9lp,local
rec532sChfEbCc8ML,local
rec54EeKcQpptuaJU,local
rec57yJcK13D0wCJD,local
rec59eRSXCWzofoPQ,local
rec5BC5IismyWZOGr,local
rec5BykijJsnCuaz5,local
rec5GiDWAxVm9I916,local
rec5HLa0vLzqA8gaP,local
rec5KJkUHK7MDKJ7X,local
rec5M3epEJShUf9v1,local
rec5OGSz7OJpIATKU,local
rec5Oab5zOnQNH46V,local
rec5PZZ2MKrwdVJ9r,local
rec5SoU77WVMB5Jkc,local
rec5V2WjX9nTWtifx,local
rec5VUfhTOZdtsRGa,local
rec5WyPzVewN7LIKc,local
rec5XjdsCfoUuXs3N,local
rec5aMtR0ouhT3oS5,local
rec5bBezcYyk0hu3C,local
rec5bgvvIG8ulfdAC,local
rec5bvV8yvIKHwnNF,local
rec5dcsKEbTM7tztO,local
rec5fjrs3eO2oSqnu,local
rec5gLa4ssL9vqgPE,local
rec5gLa4ssL9vqgPE,online
rec5gjy2cCXkuVYfD,local
rec5h4Y14b7nterFl,local
rec5hofSWJUlxaQo1,local
rec5mAjx3lQoqZfan,local
rec5p1DgIq0Etzzhm,local
rec5pu8uXXUZwWcYt,local
rec5q8YqLZXs8m0ah,local
rec5vdsh2Pdfawlbw,local
rec5xL18F6A5hqmSw,local
rec5z7bDanWb8kvVh,local
rec5zXYHRA9LWbF4v,local
rec612QGYDIenmkuP,local
rec61lV1MeyYvxN5f,local
rec62LDUfJHMd4CSS,local
rec62ijdzljQynyUG,local
rec65jl7lB6dJyn3T,local
rec67w4UrKMgaZ33T,local
rec6BfLYkUoBzNAQP,local
rec6CTJl60ZXOvdo9,local
rec6D0LcQGesiF0KW,local
rec6D7M3ADdFoQ89k,local
rec6DWj1L51zDQwEt,local
rec6Dbf6KaJSWzk9L,online
rec6Dbf6KaJSWzk9L,local
rec6Gr0e70S9Eh6gO,local
rec6I79yFwZ3xNvng,local
rec6LlcsDBzzWEZcN,local
rec6M4STKsrmgohzW,local
rec6Pjv0Lo5Fz9qSW,online
rec6Q1I8PZCu2RNEb,local
rec6R24fPnxdmi4hy,local
rec6UTNItbIz4w8sI,local
rec6UkR9EX4nEhylI,local
rec6VdXWT3GLfpcSO,local
rec6VrmulnQSrU18l,local
rec6Y1TsKTzWZMi5f,local
rec6adVYeURfuaWmp,local
rec6azPtpoLhNlQ0t,local
rec6cAi9oduhKtnoJ,local
rec6fHj0KV7dk4GIo,local
rec6i4Nbe6XB1GmIQ,local
rec6iEnDnBjaujqBc,local
rec6iKa8W6vgjUNSr,local
rec6iRrkCiwt0nbwe,local
rec6isYpYcMfTsNI3,local
rec6j9xjuM4KdE3fh,local
rec6jTGTAshpTOXB9,local
rec6m3mFiclwQEI93,local
rec6n8M3c0VlgKQU7,local
rec6nfYFHBMEWj7mI,local
rec6onHBk2gk2N25I,local
rec6oxdJJj2TkfKyJ,local
rec6pzLDVt5LJtg03,local
rec6qPv4v1HbpDI5m,local
rec6qmeqxRPCVrHdZ,local
rec6rgR6innwl70UJ,local
rec6sntOcFz33XNAr,local
rec6upIUxjm7pa5Y6,local
rec6xnHsiEai1xXwk,local
rec6yJStxISPxUO5M,local
rec6yXV5eh9uncPyX,local
rec70510dGNjbDr9T,local
rec709ShCd4MmP3Fa,local
rec70u2W2rPtBlU0q,local
rec71CKTn72cVWBos,local
rec725Tfwa8puploW,local
rec77MiP8QVydIXJi,local
rec7EAXFad5jz65St,local
rec7EIpdyf468b3oT,local
rec7EpI9GpoJmM4I6,local
rec7FggskiGwYrNMx,local
rec7Gh4C6FeL5f1f3,local
rec7HIArdgibt39wS,online
rec7IYFFKAzMa0qZn,local
rec7IeVUaC4uJHmLJ,local
rec7LbqqJxHDnR553,local
rec7NGg93Q18lfvas,local
rec7NhcktqxLDyGLj,online
rec7NhcktqxLDyGLj,local
rec7SrgZa7WaRkLzN,local
rec7WgxjxgUDSYKOF,local
rec7X5aAXkJQeTdFy,local
rec7aHVOMmyVT7beL,local
rec7ce1nr8fO0ubVZ,local
rec7fCePxh6bIuAn9,local
rec7gIDhmX6KHWnRb,local
rec7hnA9wHJvUxuqp,local
rec7iVAX2sL4m4E1n,local
rec7qE9wg3Qtn0ecH,local
rec7qbIfkNkGPuhrv,local
rec7rU9DeKE3kA8Mo,local
rec7sjvWncv4p9EUs,local
rec7tMWBaxEFx5jmW,local
rec7ub3GJUtjJPXCQ,local
rec7ukrfBR7cjmCRj,local
rec7xCf0fKUsbBupg,local
rec7xKTxDPGmg3Bcc,local
rec7xvgfpoJ9g4D5N,local
rec7yWnyUEgW9RdlA,local
rec85iO6KA70UPpsD,local
rec8GWEDimd8XdEXl,local
rec8GinBW1xowhwLW,local
rec8HTiKx3VSaMJmY,local
rec8HpSZI1KOZiGpI,local
rec8LaacNPgqxKtOj,local
rec8O3vlvndC5g5mS,local
rec8OeRfaLPHZCMZd,local
rec8PchlVRnX3sFTm,local
rec8SVvwkiqO0wbKd,local
rec8Sw9XkiQAkTemj,local
rec8T6s4wh9TVStmn,local
rec8THS2OLMKp6hbU,local
rec8W6ug32yO8wH2Q,local
rec8WA2FVKlUfTAqY,local
rec8ZVoEjN3K1fy5J,local
rec8eROT3DVveRYi4,local
rec8edHhLyf9zq4rn,local
rec8ie2iBVuPor3vL,local
rec8kJDDdRUxVQqsH,local
rec8od4ertqEZYHe1,local
rec8q9A9YdLpOqSP0,local
rec8qGDKZNHU7bjNp,local
rec8sscfGlpSrrryq,local
rec8t6Wn3Px0w3YpU,local
rec8vcn6YqUKJ7ZL6,local
rec8vdGvqUvrBMcRV,local
rec8vuHPj2fC2GZNV,local
rec8wZu6hmxnu3m8Y,local
rec8xsmdXHtlRqRFg,local
rec8xvsBuZF4pReUu,local
rec90yiCDCaphZ5Ct,local
rec91CYAsUZ8Y1mEI,local
rec91wl5OyVzLBzPI,local
rec95dgMp44R71Mbz,local
rec96kUYLkaUGCZnW,local
rec96pp1PQQ7q9oDE,local
rec99O6Q7yyqWUMKb,local
rec9A5yzbFFW8i92B,local
rec9BBqfBdudG19lx,local
rec9HPTKOg3uvNgyR,local
rec9JWZibGYqji8Zs,local
rec9KJN5UE2pwJiy4,local
rec9NNyCy5LBRSys0,local
rec9NdOqCMuMTaCYT,local
rec9OWv1IGV7hFoxk,local
rec9OvjfwnhXp8wIu,local
rec9OvjfwnhXp8wIu,online
rec9Q8Kmmm4slnvy9,local
rec9Sr3T1rvDDHi4k,local
rec9Yq6FHZEQNdtOA,local
rec9aC0fwFTP7xfzr,local
rec9eUOeGxoBKdbqf,local
rec9fdzkKS7F930em,local
rec9hSV7ChnmvqFnr,local
rec9hsG4pRxaw0KnG,local
rec9htUXxIpBtAqGP,local
rec9jANO4LMSpURR3,local
rec9jxMAyP2YGRCAg,local
rec9lGUokcQqVECPb,online
rec9lJ1mbhtPcBlTp,local
rec9lNb2MY13R7V3k,local
rec9mVgsDi2KAJ4Iq,local
rec9nxtPLlyO2e8Py,local
rec9pJqUOFc5OMOHZ,local
rec9pKOYqiZvKYEek,local
rec9ppqhZtHOCxE9N,local
rec9q7XZDbTQhAPA7,local
rec9qhT8z8ks7hRLm,local
rec9rGkDowpsXV0vO,local
rec9sphtrQx9SmPqz,local
recA0z0KXL5Dl08Sp,local
recA18xhiPfluocox,local
recA1kpuXD6E43OXX,local
recA2IArF7C3jaMS3,local
recA3ahBHjK3tIsFK,local
recA3bLkc8OO1UhcD,local
recA4M97ZeyVkADpb,local
recAAdM0wwY3RtTu8,local
recABnvIxsHflTUTG,local
recAE3T6gfEsMYBzY,local
recAFfBoSuOIyF3Kv,local
recAFumTbTw8hpBk2,local
recAGqtY8DSiJQo7U,local
recAH5CtLnRuRobhE,local
recAJYJBF3I2Hy6qQ,local
recAM6830Yk0Xfbed,local
recAMPAMrNRlQrkkU,local
recANV8oYYpKDlJtJ,local
recAOlEjvjaM3EsNy,local
recAPLD3CBvW3QSDk,local
recAPNfJNeJwWKWCR,local
recASgCQccNJLG3sY,local
recATFpSonibclyND,local
recAWcSyREtyfzhDP,local
recAWqqojKrqQAKhH,online
recAWufq2ouSvvmnB,local
recAXiK1iOBavxdaN,local
recAZjCZnUKpsjYRH,local
recAbDxc2T1nGui72,local
recAbJ1wOW1bOb7WN,local
recAbXiKy5jw4klv0,local
recAbwmHUgOULQj6a,local
recAd2xIW5GI1UH5l,local
recAe4Q5i7X3S6tUA,local
recAeZqt54bhTJyY0,local
recAgNQZRb4Ulhpk9,local
recAgfZyHAd6EeeZj,local
recAja6t8lDVUHzAy,online
recAjxtHIO4BFjP1d,local
recAkIeCv74Ze0oMU,local
recAru0vxVbECcjQc,local
recAuQrYSsJfHuqkq,local
recAuk1gXDKzRNzim,local
recAw7Ys4TrIxe8nC,local
recAwA9N3ERW1NkcD,local
recAzWTGbVxcMd19A,local
recB2cmPqk3VNKj1K,local
recB38QbJjzMrNQP1,local
recB46IEcOX6LU1RW,local
recB6XBo1GoVtg41x,local
recB7HnmO0pSuxg2F,local
recB8924W4FdHWQmf,local
recB8C2tlSCv5HsAW,local
recB8FmijXm18G4Wg,local
recB9b9HRUF2kxFfv,local
recBCocKDxnF6gOYd,local
recBE2sGIf3bLlQZH,local
recBEhUf281w3LMfn,local
recBGTwBrsC7cf3sv,local
recBHnuFVfQia9Gqa,local
recBPIkZIEDGBz4c2,local
recBVcb5ngomV3Ktj,online
recBWre76GzCTpP7d,local
recBY8CE3j1KmfWok,local
recBZlrJazoKmAe10,local
recBbcLOYNvyHE0x5,local
recBh56IlAQ7B3EiC,local
recBkGg1B0mxOVcRn,local
recBlOxXaUdqVH9vd,local
recBlp3gNNEnm7DA0,local
recBoKdl1EJtAqbOB,local
recBod8bsxt2xN7yM,local
recBp2eqEW1VPvu7X,local
recBr6TbhM5nSAc2T,local
recBrdE7qLr8quQ9o,local
recBtnrEIxtBx7vmx,online
recBufKIq9zpMSsci,local
recC1wspSYwa5NBCI,local
recC7gORa9KfQne1a,local
recC8dnIEFrgjPxCx,local
recC8nom7jSvPuOMD,local
recC9YIEBZrZtgUSK,local
recC9dZ0h1rwFktuB,local
recCA9H0oVxHSppWJ,local
recCAMGlrNO85MwFD,local
recCBdDy6Q60UlRTY,local
recCDBISwRLvAbxEL,local
recCEmx6UVT9XPHMz,local
recCHExGt5FkTV52X,local
recCLI6tLh0AIJyCk,local
recCLcig0foZ6vvKN,local
recCLl9HSPo5vGWe9,local
recCM3TzvwhBEbgqs,local
recCMRZfNirTafv8i,local
recCMrXJMWNToC6G6,local
recCUVNTDY4SyO191,local
recCUhbGT8nB4skV3,local
recCWF6RxGUHjE7DC,local
recCYTvzm087v067S,local
recCa0ZbXQDwEHT19,local
recCbcxy6MbI5kBgA,local
recCdONJk1EZFuNsa,local
recCexCYnicBbRBqA,local
recCfvBXMd9IgLLq0,local
recCgm9JUtSOKwEJ6,local
recChBm6dxPmSZFU2,local
recCjTLtTjucZIGcj,local
recCjYwpyEIJ0YKZ7,local
recCm4nQhOzqDluEy,local
recCmOoKxhsGzNaCJ,local
recCnaCDTaJJSReou,local
recCnvfz16J6DFLbq,local
recCoCGcLzSbrkpf8,local
recCoQOp7SztuwLaF,local
recCrumY1ZlSC6t7i,local
recCsNaMRDFsyav6k,local
recCtxll8lSEwltQk,local
recCv2Z9MU57SQMAt,local
recCwUx56zi7m8HH7,local
recD0ZQD40KnATNx9,local
recD1FRlQNGsQa4dr,online
recD1FRlQNGsQa4dr,local
recD1Jf7Xd50QVKtF,local
recD1i1TiIPbPAGSs,local
recD3llgHFMIvLYZz,local
recD4Wj8FNwJDoGEh,local
recD5J4iK7aYcUNgl,local
recD79W36ww8cwsAc,local
recD7CIBJc8qPGolD,local
recDA6hPVjMZ9tSZi,local
recDB235hp35PHqfO,local
recDBNnt9yUXQnhuq,local
recDBT8kzVLJWVdpd,local
recDD0akOKzUfPSVQ,local
recDEjk5wNyYtX1yS,local
recDEsyIFUNtKie5I,local
recDEvdNOiy46ynDm,local
recDGcBVfwkRkO0Th,local
recDIjEZlsi7JakmI,local
recDL6vlMA3OhIg22,local
recDO2GDlU6BCPWuk,local
recDOLQBMIO4zNW5r,local
recDPQh0sNpcrzRQB,local
recDTC0dauJukP0tD,local
recDUc0z8oKMBNcn8,local
recDWCy2SnnL7EMCB,local
recDX4pZF3s5T8BWx,local
recDYkCvR63pxgU0O,local
recDapGeQRqh10jDG,local
recDbUpW3pFY73zBi,local
recDbc2xFShloHWc7,online
recDbcAtZ8ZqkLpv7,local
recDbpWREKnRQuDQm,local
recDc58WLQgcUCKGu,local
recDcE8J4gfXG61Yj,local
recDcsI8hGqDuStX7,local
recDd2twjrt1K3xf9,local
recDdjIVTBxn7WgqQ,local
recDfgS42lamIoQ8u,local
recDguPX7LyWOK7ib,local
recDh2AmP9Ix79vJE,local
recDiUayva9y9SWAB,local
recDjkcQkizvlIxxX,local
recDlRfWChYgmCYyW,local
recDm7kwwLf7nXgBX,online
recDmQsyPKpayduHG,local
recDnsmnr4CS3Um9M,local
recDp3ZV5dwdhSOIo,online
recDp3ZV5dwdhSOIo,local
recDqjD17zglXo6Fu,local
recDrAkW72D8wd7zt,local
recDs0CK5snVuIaT8,local
recDtZda1p1zv0aQb,local
recDx7PP9V1otZiUK,local
recDyNHMEdJvgs9PF,local
recDzH8xzoPoH2YOG,local
recE01mLdSZ5lTaOS,local
recE217N46NEVG7n7,local
recE2ii0eqTC8d4ON,local
recE5YdfMzDgXOyVn,local
recE5o267nYT8VPra,local
recE6s1CArJm1mCuL,local
recE8KZpNZniAiPPZ,local
recEAgpr6zf8JVEqK,local
recEE5c9BLpb1fpX7,local
recEI0uWFZbhJUTAN,online
recEIL5zg6ZauB1u5,local
recEKOBW4mV54Ka0S,local
recEL63cZCUyQMxqV,local
recESkuriGwCWSAq6,local
recETGvJMYpQ64mjv,local
recETHLR26A6Gj65B,local
recEUvtDOv6GKvl3V,local
recEVZEFiE9Fk90vT,local
recEVvT7UOceJYEU8,local
recEXatmRcL1SyLoA,local
recEXjbUbm0TwUU0P,local
recEZQllNMGwqpLfj,local
recEhVnTpgU2t1hKb,local
recEkNqRYl472QjfA,local
recEmXUBef32DQBDp,local
recEnTeJcyWzDuJ22,local
recEnTnarOWpEIdSJ,local
recEntjiIlwu9KKFY,local
recEsZNeYCXVvd2YI,local
recEukpDDEjxsF7SI,local
recEwC1ir9q8W00cl,local
recEwEnbGY4KGIN0P,local
recEwVZMOptY9JSae,local
recF0eaSsg5pl1mWi,local
recF3P61i0iFyfMMn,local
recF3bhl9wfU9hb13,local
recF5VYu9mOheUsr1,local
recF6uqAUAozEZKd5,local
recF8IhvtQ3VePMNl,local
recFAHukDoSnRPQic,local
recFCIEgO6TOOaDx8,local
recFEzRsAaC0TAWaq,local
recFKmVoBkmoOSj8a,local
recFP46viCncku4Nc,local
recFPIz7TjWTaiHQJ,local
recFRz3wWDxA1YIKg,local
recFS5FZZ8ibgr5CG,local
recFS9bhqPAF7Pacd,local
recFWcewWa7Gqa7fq,local
recFXpzpiSLEK82vn,local
recFY1HtVmygytUir,local
recFY91ruelBbRnWe,local
recFbVjsQ9s29Rn7W,local
recFbv19754s4sRIK,local
recFd0S1hCmbmvyhP,local
recFikBBNNQi44LO0,local
recFixF7sIQYPRocX,local
recFkDvP18MPig6aq,local
recFmWm3PuovqtPzG,local
recFmgLCu6SPf9FMI,local
recFmtdixHX2Lgabn,local
recFna2BioMyYCZRL,local
recFphFox0AR5bL9r,local
recFsdrsVHZX0KRih,local
recFts6PYjzA5NnYU,local
recFu2fGEn1CjQI59,local
recFvTHtGC71nH7Fu,local
recFwCIqxo7uekGGZ,local
recFwddV5xntHF9dg,local
recFx3t2ixksvUt51,local
recG0c7a6nNqT9VGW,local
recG1K4BQNYL69Had,local
recG1PfSrxuZLQnSe,local
recG1jPOSq4VJYAwb,local
recG2HbLEFXUtdOlF,local
recG3HCwVuX3Lw79P,local
recG8jkB4AsQwCK23,local
recGBIDMgkpgwWY1Y,local
recGCth78ajwK1PjJ,local
recGFQZpObtFaWx9l,local
recGI7kyz3GBFaXPb,local
recGK84Ao63C1wS2j,local
recGKstaDWklbSqTx,local
recGMPsVWKHhhJp19,local
recGVdG0r9qfaV8aK,local
recGVrs5MIKXVOqW9,local
recGZTTk2UWeLFQru,local
recGbyv82EJYthehA,local
recGcHfx8aAhLcPHh,local
recGey5wBca3kfL9h,local
recGf9xExAgrTaqM0,local
recGf9xExAgrTaqM0,online
recGfiQadJ6KlrPdG,local
recGgwa9C5mjKQF8u,local
recGhNnjsw3CK50fz,local
recGjIXeGrBeD8wFr,local
recGkA1ay6hk0YVNS,local
recGkNldpI1ug0ZmA,local
recGlvf8OuKzFIbog,local
recGlviJqecXSIe1D,local
recGnirrvSJRfv1V7,local
recGq6NZGPxjppzCd,local
recGqol3kqWoDz6hs,local
recGrLZDkNk8tRu3C,local
recGsIj2SHZMuWzAx,local
recGsQ3O5cgWxND8E,local
recGsqKqBwxJSnFDp,local
recGsu4mp1IyVhLe7,local
recGvIHuSYYIBSkGu,local
recGwnM8Y618qlW2I,local
recGx51ORDkDk2DB9,local
recGy6NKs4nR7rH7w,local
recGzCTf8XEReM8WD,local
recH2BH6zMBpnvlJM,local
recH2Co3wM9tiVnog,local
recH2GRImuyVU5Qxx,local
recH4tjOXXf2JyAqd,local
recH7kO2FyU3c7of0,local
recH8aAfOcgJjztru,online
recH8aAfOcgJjztru,local
recHBirEzZz8MdSTi,online
recHCdT9XdiIOYcwX,local
recHGlFU7s75K27qn,local
recHK5wI4TzD9YI3f,local
recHNXaDm2ojYJPLP,local
recHOO4YGQLv7hFj3,local
recHQ1jvquQkVPP5o,local
recHRkjoDryB8RDBU,local
recHSD87N0CQ4LQUz,local
recHWFULkIikj6uiF,local
recHWQppxMGKgU4Iw,local
recHXXFl9yJ8lX3nu,local
recHZ1cbDEnJyzeLF,local
recHZqloJsoCFnB9g,local
recHa1KhdG07yfOwb,local
recHaa3THpr09Mp5N,local
recHb2qjO5wGRzdkU,local
recHcLJisnmu23pJg,local
recHcQa4UZGOaS4xl,local
recHjMZnXVb0FJ5TY,local
recHqx4V8QDyLwRGU,local
recHtB8vk4uMDUbWA,local
recHwdTxancHGDSuR,local
recHzFDW2ijsv8m8n,local
recI1Mxn5T6plOCIr,local
recI20jHdWML9nAGk,local
recI21akmvMxhCaUk,local
recI268o4CReT0QZT,local
recI3882sDNMbk5ax,local
recI5QNIMzimDKwTR,online
recI5QNIMzimDKwTR,local
recI5lUp7fT8qWCK9,local
recIATS90A2pQT3Im,local
recIAWRX96KVcnUlA,local
recIAah9mcI1Z2A6x,local
recIB3H2JT9H3lgYF,local
recIBpMTZdO5tOOI2,local
recID7gIrVqYAjdCm,local
recIEUFKEKAYjxSKv,local
recIFA8qN4GZAESg3,local
recIGUjfETOUoR9UZ,local
recIGg4voEgZ9oYut,local
recIHupEWlgL1oxin,local
recIJnfB0vVYyNg7X,local
recIKaZ8YlMvYufV5,local
recILdb7TTKYsXqE5,local
recIMgmALUr4orHgc,local
recIN3fav2ZD0MCz1,local
recINF76aZw1I77I2,local
recINX0ld1m7PkiHJ,local
recIQyDIyVLY2uCWq,local
recISlmXDGHHeJWgf,local
recITFT8KgFK09oot,local
recIUld5LUax0Ww7m,local
recIVPe3iBMIMH4P7,local
recIckNbfrpDseUAN,local
recIcolwFY4oOvIaZ,local
recIcsFEUDMkrIomh,local
recIfYmnpdP2aMa9R,local
recIgin7OxjuAErpw,local
recIh3Vgsx2VNojeC,local
recIjfIDDhnMuxOqT,local
recIk06LVxVSStUg3,online
recIkQIfXTazIFLsZ,local
recIkamMadVk7EWVW,local
recIpwnHjBy5Jipqd,local
recIqOnBhsABDBDgy,local
recIqRtVp0XuCkIBF,local
recIqk2yEePu3sV7Q,local
recIr6IRtqf6usfU8,local
recIrm1UvTYMTqmUZ,local
recIsFeQmamli2SOG,local
recItguKoU20RJuHc,local
recIwxA58Ybm0zpt8,local
recIxtPAkdissEzUu,local
recIyehwD6U63knVO,local
recJ1APuBGrFMpgeZ,local
recJ3KJdhdglXjIWO,local
recJ3VwdDnqOmMmE4,local
recJ4Z62PV4Uj5iQh,local
recJ4bj31SDvx6TVc,local
recJ6p8fjxRFGEKal,local
recJBJkV8eO3jkNi7,local
recJBJkV8eO3jkNi7,online
recJBnQri8nMwijtr,local
recJBxUQI8AIaigVz,local
recJDoRrN8Zgy2cDb,local
recJJnf2gUemM4cn0,local
recJMGJ4IhCWimpVC,local
recJOfwv5c8ZuopIm,local
recJR3ime3r0UPovg,local
recJUchBmarpkbWpO,local
recJVqMljdi8gMuvJ,local
recJX1YwNE21Gbg3B,local
recJY1WsoFafwhd09,local
recJY83vvAyPtg82X,local
recJdLPZvr2oehEbh,local
recJfQnxrkYE8wZMA,local
recJi2LKNNMCpUNLE,local
recJjpUsFzlwgvThX,local
recJjyjIjvnrWsUZP,local
recJlUGEpXcM1XFGt,local
recJnXHu2TLmquZyT,local
recJnZR1Ac6qownjh,local
recJoj6zHtOBEncyl,local
recJp2ejZ6KAyHQjN,local
recJrg08PR7cS3kBe,local
recJsi2jcASzmLo8L,local
recJt0RyvIHrCiIaT,local
recJtpIhCDZddeSlo,local
recJwBSFMdx97EABH,local
recJxpVuRxKfgsYoS,local
recJzepyfOklZdFh7,local
recJznCtvUvFftRQS,local
recK0zGON1Zgs0Rg9,local
recK1Cvp2jeodnVTU,local
recK1T0u4pwmYpx3k,local
recK2397qnODEPxRe,local
recK2d5jWj8i1pnOx,local
recK3ZhdQPECeEDAt,local
recK3eccZ7i4ri6Eq,local
recK4Ck7dKQqvq0qG,local
recK5TeDcdDEBsK8q,local
recK5yJXeTrqIcXJX,local
recK6Xz2oSN388ir2,local
recKAhwOAYE4paNzN,local
recKCfrYzyihV8B0m,local
recKDqiR65QSyPOJw,local
recKEENlR39fUDZRf,local
recKFjM1kSfllc6UM,local
recKFlcXiG0BuUtV1,local
recKIaPIH3L6pQpx8,local
recKItlEAiED8gabt,local
recKMD85knJM5UyE2,local
recKMyOma4gHjjB0x,local
recKN4dJqqi26qyTr,local
recKPGJ3WHua6Wdes,local
recKQBgZM8SSIPtgo,local
recKQGxLnD2t9k7vf,local
recKRPEJ8lpJGaU4S,local
recKXFtVohBZZH314,local
recKYYKXq64Av2cHa,local
recKYbQyzrzCFXTGR,online
recKYbQyzrzCFXTGR,local
recKZ3hKQCejpK3r4,local
recKZ6BbeZBqdj7UK,local
recKZH9xcfZesRbK6,local
recKZRWYPXudLi1vU,local
recKZkifheaHhVrd2,local
recKalo1NQSZtLFuI,local
recKbPk8ojo9VnRgN,local
recKcKADR5DYZzhOO,local
recKeHHP6XYU0tswt,local
recKi6lYPfiLAju4l,local
recKj7QSpxi0qzohC,local
recKk9Y9rex9ztHcF,local
recKkuw4ydeX2eXV6,local
recKli4eSWpXRlIyJ,local
recKmNj4mSHo6qcLL,local
recKmycENy0ab862Q,local
recKo4CR4Eabh9vPh,online
recKoJUqQ0a28z0ZZ,local
recKqIiXLfmK4o6JQ,local
recKqpPHbpqA7qshy,local
recKquByDt8Z8Bx5Q,local
recKsbj5vUcZYN034,local
recKttx6NtICvTVPe,local
recKu5rn7E0wMW6vw,local
recKut1qIUBJJHg8H,local
recKw4ttObQxljcMn,local
recKwNEchMS8aJp1j,local
recKxruM5bxb6C4Nl,local
recKzGfeKHBrAtIW3,local
recKzoSy5CyqLTgvP,local
recL0Z3STunnZgx9H,online
recL1Whiw3AvSic3m,local
recL3FSIqcwJzZEBz,local
recL7609n1O2gEzTu,online
recL7jsgUylFetA09,local
recL8YIpFL3q6pNiY,local
recL9gt2ROBBRX3ZJ,local
recLANqwIk1NTgPtg,local
recLAqnaZivTxeALz,local
recLDKkiml86wnfC3,local
recLJCHzRpO7U4Bu6,local
recLKGKyCmEHEkJro,local
recLKLRDyhc9IGSGh,local
recLKlhQTjCAoYpLY,local
recLN3g5mY3EnIGlw,local
recLNOS8YQcRt8vRf,local
recLPnWuWq6pjUfRE,local
recLSYreVZJj5wN0q,local
recLWpNnmkBpSL43C,local
recLX77RwKkClxxKc,local
recLYOQOx6pq8WUv5,local
recLcPzMs6yLb1xmF,local
recLfFK3Aw409QDwa,local
recLfPIkNcBqu7PNK,local
recLfmvkkUh84GhIb,local
recLgItMGMU9BxDFv,local
recLilhemcXj8trs0,local
recLjT1r96Dd5B8pW,local
recLoGlRJWnakhCMz,local
recLtpjimgbVwRqms,online
recLtqp1pTxuLNSkO,local
recLunUT1SW5cUGyG,local
recLvpIWGUjwNX4sR,local
recM0tA4gdiaMrEhd,online
recM1Nv4Tl4y9JCbd,local
recM2HJMDYa0VkqPC,local
recM2J5Q2HdICA6LP,local
recM333CR11GFXRXu,local
recM4UBJwcKrUB3gk,local
recM7IQkA0sZP7bjl,local
recM7qwFaqlvhbzS2,local
recM7vTNUU74O3LUp,local
recMArjwVkZudZqjH,local
recMGc8NOtHiaKEG2,local
recMNS0LDlmyVurLG,local
recMOD4NPb0rvNuUP,local
recMOzMahNbIjXYRr,local
recMP12iKYPcHcfFd,local
recMPbTs6UHGFwQQ2,local
recMQ3WciWPTGvGgk,online
recMR72sVh9eePZCz,online
recMROtfcdrb8ehYK,local
recMRoYZymBRnCX8q,local
recMTHFeMOnWRypFZ,local
recMTd1sv5jcAzZDQ,local
recMZT85sjr0HE8yp,local
recMcPVFcT0IJIGbw,local
recMdcRo3UpAaIEVR,local
recMeXnovZzeRvB62,local
recMgppHWRN4v8hRq,local
recMiPzH9epEFlOca,local
recMjmxIF6cqppVkS,local
recMlogkp0FxoKXCl,local
recMmfSuoJyfTqLTQ,local
recMrni2a2e2oI6uO,local
recMu9AwhAdxwhlst,local
recMuxhrG2Izc4mw8,local
recMxC92y8rSOpKmK,local
recMyApyRcdUBeUcF,local
recMzNWqQiBvWWq7d,local
recN0ivJUcQs219dE,local
recN1G21oMer2SR65,local
recN22eiC4ehnunK0,local
recN2j0ElGUZTaZ6r,local
recN33h3OnfhFBafx,local
recN3eMHt6Dz1Xjlj,local
recN4B4XNn3xgSxr2,local
recN76D6iC5SMZIW9,local
recN8MTUu17mhJI3T,local
recN93F2z1PQgIIPi,local
recNAIhKezITWjG7F,local
recNAdq3yemXV5q0N,local
recNAyTAov9x6JQnr,local
recNBLDxVXStWxNob,local
recNC90yz82GGQGQt,local
recNCeuDSAEJJWH2K,local
recNGsbsmuILVoT6W,local
recNPU2XTfEsV2xof,local
recNR3PqDHAArbBg1,local
recNRPjf8TvC5QGMv,local
recNUYvzeenV2cMfK,local
recNXV9iugL0HHkZc,local
recNXvLnYZLy7ykhq,local
recNbBVA9lXJ8NZqT,local
recNccDywYmlQcwGM,local
recNcrO90NS08p7bR,local
recNewkWWRH0sGnNc,local
recNfA8w8zZkHlKag,local
recNfsNpoZMgCL2uu,local
recNk97VJ7jQ9dEm0,local
recNlPq9Awi8xCu04,local
recNmZTTqRWHaUQu0,local
recNnkC6bC43Z2trU,local
recNoIMSd3dTQj0tj,local
recNpNc0sqU5uNynC,local
recNr1ih17wtNOe4H,local
recNskpY28Jz9dqN1,local
recNspqnhAMrCcZsV,local
recNtA4qYCU3c2DSy,local
recNvEG0oNmAJQLYT,local
recNvRXNB4sN23cZ1,local
recNvsIXN4sj3SeuE,local
recNwWKHYZ71VJlrI,local
recNwWKHYZ71VJlrI,online
recNxoH37SJPU34f5,local
recNytWltxuODYxS5,local
recNz6ZwRqF4vgCwP,local
recO2IsnzCCau9eaQ,local
recO2MSV8SCG4klDy,local
recO3mh5q9a7vRy8q,local
recO4JxQ1CmcNPIEi,local
recO5pctAmdr2JWOf,local
recO6IKLMff6pWfvG,local
recOAQMCq7kYoGDwH,local
recOBIwqhUUqu2szQ,local
recODzmIvz2AhCSBi,online
recOEbHxFvCDUiLAZ,local
recOEdTe6JKkdLIJa,local
recOEwRVEsGmgIUw8,local
recOFcH1z1jPK18X0,local
recOM9QxSTAdnCLBa,local
recOMf8U6wNSm9Fye,local
recONcfxcVEpS87X8,local
recONsAVMphP4fUMI,local
recOO7yM1C5zaZmtu,local
recOR4UbaMUzaQXri,local
recORDMK0FooihIeD,local
recORLjN7pzi7uONz,local
recORcYs579g5dapJ,local
recOSIbkPykike7Cf,online
recOTIaNS5HEziGSU,local
recOVVTu1j04vAhXW,local
recOXEsI7X9dB1COX,local
recOXl072z8mTmy8k,local
recOaahVV0UIHUeaR,local
recOabNVmH3EWCOMW,local
recOf1RTEGttzUNUw,local
recOj8qLRloJrmCVX,local
recOjdr4kb0mXrnwg,local
recOjqMon8wCrqX1i,local
recOkWp70jn1lIP8h,local
recOktEmD3v58o1uL,local
recOnCEGIGq8Xdb6Z,local
recOqWcKc0mI09h1e,local
recOuNBWteWcfsP8E,online
recOuXFFUKATyDWMk,local
recOv7dj1SO7MKy0X,local
recOx1x6kF7W89zR9,local
recOxc6iUKJtNVQoJ,local
recOyKb1PROSQNNp4,local
recOz6Q5Ac4To0wl2,local
recOzh1XEfeYLlUKG,local
recP0YSBvOKNLgARk,local
recP0oDT0Wq5QwxnP,local
recP2pFXq6spd2nV1,local
recP4mpC0ARAnGNCC,local
recP5Z5Hj4kpbzztJ,local
recP6ATiseKg8wgzq,local
recP8I2sRowcVyVuk,local
recP9XOpbkI9iyDZG,local
recPAmyV4Qu4QmD0x,local
recPCb9ZrS4jJeYiH,local
recPE3d7PmvXxQGOf,local
recPEOS5Xm2xoycmQ,local
recPGuAihOYhY3Vkn,local
recPLbDNtBn6oX2E8,local
recPM8NWChjhHWJ6o,local
recPMATkzXnA3ottV,local
recPOgUntvdgDixC7,local
recPPX8pjENS3h7L5,local
recPQXZB1dBDkmiW8,local
recPQzqSZmBkoTa8r,local
recPRt2yTWAS6HcJU,local
recPSsFHzRGyon6DU,local
recPU0p4YpVVG9YEF,local
recPXatUa6vnxx6N1,local
recPXnvCaL8ZLpf9V,local
recPXqaoSg1Sb2Av0,local
recPaNjTxgjvl8qn5,local
recPcPkQjbaVWx8xZ,local
recPev2AKZYSMWKqu,local
recPp1pCMrLv9OS4x,local
recPpfmxFgSyz46sJ,local
recPq6NOjL8vaYhqR,local
recPrQVJEN5DegrOm,local
recPvoSYIusSe1WUj,local
recPwdUXWCSQEmgpr,local
recPxluvocVKdN0yQ,local
recPznTVGvk72qmqI,local
recPzyoi5sl0HQqrH,local
recQ0m8phaKdz1q8K,local
recQ1Zn4YFcSY2NlC,local
recQ1pPtslqumQyyR,online
recQ1pPtslqumQyyR,local
recQ1wgfz61cTBP21,local
recQ2UIYQxWdF77C4,local
recQ5tqZpLbXPiest,local
recQ8IzbU5e7wbw7P,local
recQ8g5W5sMKlxhPg,local
recQ8oQyJVv5l9qJa,local
recQAxFBSy00tp74u,local
recQBqFBuAsfbfweN,local
recQEky74kAr87doq,local
recQK9NHx5r1jw9Qg,local
recQLH4aJxhIHf2zk,local
recQLwJX5KYA8N7Vc,local
recQNbNPmIHfBTS5M,local
recQP3OgzdxQitsxd,local
recQRfBZJGd8fb6Ev,local
recQRpQm3APgxI4qW,local
recQTEtAUbco42IP8,local
recQWvR4xF25Phc2K,local
recQXeVyooBSSOSTx,local
recQaKWjBZ4IzUOrY,local
recQbZ5YJybF979JW,local
recQblLxCqSEaxpQU,local
recQc2exjuMH8kcdt,local
recQeJbBc0LueZB3o,local
recQhIoJMneUtH6vL,local
recQhv48UOnA6KYrm,local
recQmvlEKYjnMckM4,local
recQn0WRY1oaqFWBv,local
recQnJ8vNmxo51Zuj,local
recQneFHiiC1JFrnp,local
recQpdRMafSAnZMBV,local
recQsb9ra1OYrV62u,local
recQuBUWIsIbqF5E6,local
recQuFihE4p5FQ04E,local
recQxPzERGz2tDCrX,local
recQxglfaq5Y02o88,local
recQzEeLdzy36yhWa,local
recQzWJlC3mnMeCk4,online
recR4Bvmj6Z0sflea,local
recR8Hob8DqF5cPzU,local
recR8uCGVy1Ahbx3t,local
recR99Yg5zrCsDLd1,local
recRAI4uE9fJV8x0M,local
recRBxaMuW0VkYcdC,local
recRF9UaUrImcmSY3,local
recRFo9QFZbeceuEq,local
recRJ6JogGiRqsK8w,local
recROltNa3bkmWrWx,local
recRQH3xpG5nkdTXy,local
recRTZICVpoBIK6rA,local
recRVL9296Bs70Xgd,local
recRWRzH3IU5P36RC,local
recRWSriRGxaghpp6,local
recRYBMoH0yzkz0hH,local
recRa4Zi4DtAM31rQ,local
recRaJJzuCOhhTpLs,local
recRbDmT43Bbod4OB,local
recRbFZaxiOnVlYCM,local
recRdBsyBqfxCkQMe,local
recReFgFhW8RPvgEd,local
recRfzaqLXRmNTFMV,local
recRfzaqLXRmNTFMV,online
recRg1pOow18FBLg3,local
recRhCRiVf1pRgmqg,local
recRi8awgENlgdtXH,local
recRkAj9GoqmRXbQ9,local
recRkCwkKMuxpix9s,local
recRm7hF9ZshGtIZM,local
recRpgP4htxkc8WId,local
recRprhE9W9AmjS2A,local
recRqPBzbL1j0laly,local
recRrgyhhWb7VAMxK,local
recRtB8cpArLJcWPx,local
recRtUGJJKYy8wIzA,local
recRuhol50XL0hMnw,local
recRwc6WrYAc3QoBM,local
recRyLqxAnp98rId0,local
recRyVvBY3OXjsGpC,local
recS33R9sYm5p4CFL,local
recS3ndWDLuZjrwzq,local
recSB08iv6dbmHlAC,local
recSDGtESRPW3mfjw,local
recSFE6oja9TIdA8w,local
recSLLRz79K0fuWPY,local
recSLaY7DmmsDIH7o,online
recSLaY7DmmsDIH7o,local
recSNgWiw8RwYu3LW,local
recSPIBZ3tPk8joCM,local
recSRCU5dL0Z8N7wz,local
recSRE8rwC9ZmqPsx,local
recSU3EWJBYYxzEgD,local
recSUFYdKiamzv2Dx,local
recSVE2ErJOOdKcbg,local
recSXGQkKKjiK5hoN,local
recSZkHe1yCcRUX00,local
recSZpntV5NaA1T8y,local
recSZqxDrFT5sFyQB,local
recSbjPpCWwFafKI3,local
recScL7hqluyWDiQQ,local
recScVBMTpc9o0TXo,online
recSggPz7bP3mz5nm,local
recShvvnosU7x1VLQ,local
recSj6Imw4WpMAv8D,local
recSjNfG7UlGri3L4,local
recSltyhf0Vr2IeAV,local
recSn3NQDh4RXk40m,local
recSnjd0mTOsdDZy4,local
recSnlkRnEXoT1r7g,local
recSq63wvpIeZUwH4,local
recSqC9TpCzydDALO,local
recSqp86F2msOznAt,local
recSqvAHAAKvus3Sh,local
recSr65tgSnUSrGgG,local
recSrIp0hPRPae6yt,local
recStSz3cDDBaRvea,local
recSwH272S12zCm4Y,local
recSxnKMrKk8oCt37,local
recSz6wFcQbTmLvLp,local
recT0IBiME6XULmm1,local
recT1q4WF8dnbKHaP,local
recT2BNLw12eFRu8e,online
recT2BNLw12eFRu8e,local
recT4AY5TQaxuHbI2,local
recT7YrMXNY0fKAN6,local
recTACkk8Jqgwuiv4,local
recTFJ2ukVfoiLidP,local
recTGNwfwgbzKHZZP,local
recTHL5B1DOUeaNuQ,local
recTHS3tC4CzdiSBp,local
recTJ5aAcrn3MxMxV,local
recTJ8R6S3WYu3PMA,local
recTKHnN5x12qMRYa,local
recTMyeUPqJ2OzlZC,local
recTOe3IE01AxPRl0,local
recTQjp0O5UT73xYs,local
recTQp2tAJ4RS9brr,local
recTS5bmnpoWifOAr,local
recTSMECDHFIdlKcM,local
recTTeA4bQNpJ8dOc,local
recTUVtZ2ApayfEFj,local
recTUujGjGgWO0JXq,local
recTX475JDcbNNp0s,local
recTYc3XZCSljXpDy,local
recTZLMk368Qk6jtW,local
recTaDTPpyS0a2Y4m,local
recTameYCSCdKup8c,local
recTefJiSlCU7KTzG,local
recTele5g3NpsbjV4,local
recTf4zeOgPRXwUHr,local
recTiGjHhjuvUWnBy,local
recTkL51SgT3p1w1p,local
recTmU4lOyqH1m5rG,local
recTp8T2CkFLzIGzC,local
recTpQ4KdOVtMrPuz,local
recTq7a9tA0MggUEq,local
recTqMSjvSqbLHIos,local
recTrXOvnVb9wYG8y,local
recTtAorCbFDpiOiF,local
recTtiJdH9LerskIb,local
recTuYOak9iytJeGX,local
recTzyesAUJm1qgKj,local
recU3FmVs0MRKq606,local
recU3PWK2wQ4Ou7gK,local
recU5WyahlZzFvGnI,local
recU68RCedAeue2vS,local
recUA0y2nGWfajf6q,local
recUCj6lAOW8Xv9QO,local
recUDbOvgPYINQmtZ,local
recUEAnE3X8SQl9FX,local
recUENzyM0YSPJyOu,local
recUHepSEgjjjtUDl,local
recULl9p6uOmemkuK,local
recUNTsA8J6CMt16h,local
recUSB4xGSsoqjN1Z,local
recUTVxvoMV4AVcQb,local
recUTdeWBfAFewdaN,local
recUTvCsURUiD7Kgr,local
recUUxSk5wS4h8P9C,local
recUW22JTwZGLspFD,local
recUYObF5ucOvyFW6,local
recUZThNJW45YheL0,local
recUZsKUrwocSYZER,local
recUagVFk0S10CFvN,local
recUclUuMy391uRub,local
recUg6YJiCI4OtOOe,local
recUhhttQzn6Y2pP1,local
recUmyilzalHW3vAj,local
recUqfC9kjzGeAKpe,local
recUruej9GpQNGGy3,local
recUsB7jGtxhrJPDh,local
recUsBK4nGkcLoNNB,local
recV0cUFEfSUUmaSV,local
recV2hx6S9SKyxQxU,local
recV2wWciIdcRA9aD,local
recV4j0rx0pvPLiQg,local
recV7n3B3a73oVTPy,local
recV7nmD65ORqCp6s,local
recVDSKzwggLDOUoI,local
recVDs9zWtGlNGwKj,local
recVGLiCY6nOUadfj,local
recVGtgsZEolE7toe,local
recVHGcwmTkrTSgbl,online
recVHcxIITfrSExct,local
recVK6k8JE12fuO2k,local
recVKLCV2abvVNeYJ,local
recVLCN2R5KAI6ROk,local
recVO1NMhWdCTRT3C,local
recVTttmz1UzlMios,local
recVUX2WSbcAatyUB,local
recVWL98buSNd0tuh,local
recVX3M5FLElUnuyb,local
recVY6vMf2Gqxvye8,local
recVYcrXhy9nmO8o6,local
recVYhiXNeHyPDkLC,local
recVYtZruXjSw6KeE,local
recVZcCsD6d6hqAjI,local
recVaCkqO66qSoy6l,local
recVevbJbSlvVjBhC,local
recVfcWuduxhgS3YH,local
recVgxCXE6LoX7mJO,local
recVjamNfyj4xuAvp,local
recVk771Zrhxnh0KG,local
recVnQxMZI3DlSBcY,local
recVqdoD1f3XKftij,local
recVuLaoDmafDs2rD,local
recVudHmg1ealVLzu,local
recVxNz4dX3S8Q7DB,local
recVyNUoIJgrZGoJW,local
recVywBrkI7hvtk6Q,local
recVz1bs2dca87qw2,local
recVzVcYzBHEH4y4f,local
recW3H1otqn24OHCY,local
recW5g02hKpaPLDGr,local
recW6Y8AkwFzMSo2Y,local
recW6pB3vAkYpXwK6,local
recW7smb2vB7MkooD,local
recWBv76cqmIYI2mB,local
recWCHK63AjUgFuGs,local
recWFJTr71SOg050L,local
recWIVYUqwPfmrH2W,local
recWJQ8xEmt8oUTE0,local
recWLJP3xu5qV63gH,local
recWMzFbxQhfRNEuM,local
recWO5W0RYljrZjGM,local
recWOoHbPwpWDfLXq,local
recWQrfIv7aGX5Cof,local
recWS4ejzJGDlaJf2,local
recWS8TqMWR0IsBiq,local
recWTA6GsXYYZXjiY,local
recWUGeR5M9I9V2ml,local
recWVE2vUDZKjWfMo,local
recWVP6yeIbuGQy9Y,local
recWWwQefVC5MbaPG,local
recWYFEUHHUNp61OG,local
recWYOAWapLk5zbVI,local
recWYsfI4jahpCfjZ,local
recWd8iDiMHrb7k3v,local
recWdMxnv1dvzdhoW,local
recWeNLBnhrCx13M0,local
recWeZvsgQXEzGZDK,local
recWfqVa6NnO9eUrP,local
recWhRVmnkem2faRh,local
recWiRGe7S6JThK2Z,local
recWkBWMb3vxhwCh5,local
recWkUSX4BJAhCZkm,local
recWn9fBVy9HRe2lk,local
recWp4UfBJoxmf7M3,local
recWpE43dugNLUJ80,local
recWpjeuHcTFYoDXy,local
recWqC81MQz5hgCAs,local
recWqH4niiKfgjlpg,local
recWrW9cIcyftBgb1,local
recWsuzzoFBpjh6BE,local
recWtU3UxE5L0oyPB,local
recWuPKfF8OeyZIjV,local
recWwaA5qgovPEDHA,local
recWxU96dtUnyvUfz,local
recX0usW3MoN6CdUY,local
recX2bBOqCXyTfUcH,local
recX5tz2T8RGU1s9w,local
recX73575vvuaS7V6,local
recX7975eixSlVD4e,local
recX88v9dajrSWwcB,local
recXCqiakR3IpvjGF,local
recXDhbjNJsFqQjki,local
recXEA7SNh4I1KCg0,local
recXENDgQAEsdJW90,local
recXFLTk7X0Kn1aMt,local
recXG4Q4HdZlaTwWX,local
recXGy8UoQFtNRRlj,local
recXILMfT84NYgZ2N,local
recXL90cXKowEqsaq,local
recXLdMORg9gnF3hw,local
recXOajuz4SIAJhAr,local
recXQQHf7rV4rl9ru,local
recXQrEODTy2faJu9,local
recXQuc9yjc2kAL8p,local
recXTmQup95a9B9o1,local
recXVgXpxbWR6sH6E,local
recXVnbSNZ0Wz3MsX,local
recXW5vA1UcrhtqOE,local
recXYdeQORnJMZX5g,local
recXYoYH2woqtBN8W,local
recXYojzj5wdkHqPF,local
recXd3s6QFBkzybj7,local
recXdMTi0htBA4HNR,local
recXdOe3ZtcHnWGWt,local
recXfZkR2P2EPjnZh,local
recXfiFZXGJoPUEXx,local
recXgWV8c1idCW44t,local
recXihmU3OvteKFZb,local
recXkvD6OfkAAM9m2,local
recXqI9MjJzYIyEiH,local
recXtziqaleZqMtk7,local
recXuJDAxOUpn2LuJ,local
recXvEgpP5JRXIytf,local
recXw6R6qVkuzlkVU,local
recY2QZE11ebocqYC,local
recY2pz3kE96KK6WI,local
recY5EFgDRImHueAt,local
recY5xb2gjMKpseN6,local
recY6KwPfYJLtfb4N,local
recY6xIgalRqvA4dM,local
recY800C88ZBp98YV,local
recY89lVbHTZA7fjX,local
recY8nmgGG9OACNSl,local
recY9eTz0gconFP7R,local
recYA5nzOTfWiKEtt,local
recYC86hiDsFs8L6f,local
recYDPmVoKzPkOe7L,local
recYDc07Jw5snqe06,local
recYE7DGnTKmeMLuF,local
recYFYeRO1U66IEBZ,local
recYGKwhVywywsqdM,local
recYGbQJmA2M9RNPq,local
recYIx3HALRsVPEh1,local
recYKBCslPEEDnnb9,local
recYMPm2W511upKw2,local
recYQPsBwZNq8wDPL,local
recYSm5RReUarbWjV,local
recYT8rHWYDkDIA61,local
recYUvsTwYmA570lT,local
recYXlRrZbbaAT0qZ,local
recYYbmB64wwjrmnD,local
recYYh86BCAIGpxOm,local
recYZFzepYfeD9J3Z,local
recYbHasdtzRSVuUY,local
recYflRCml6P3CkOi,local
recYgY8oQNAeouELX,local
recYhAanRXfFz4PFw,local
recYikT5kPDPW6UAk,local
recYikdb15T2JccxH,local
recYjjl7Q0xoyYr36,local
recYjt5el6FXtKTl3,local
recYrpgMQL7q0DwQw,local
recYsVgglX4oi0nmy,local
recYtjteuHKyvFjUo,local
recYvOmTpyBsUQAFZ,local
recYyEL1jJdhs7GGA,local
recYzh4ZccN5fqt7Z,local
recYzjyXFwqKqt1zu,local
recZ0afLHDVoWCzPv,local
recZ34JZpl94ScLUk,local
recZ4qERUTUCXUfvP,local
recZ5QRv9QcHjfnsu,local
recZ7qCLCexki5asi,online
recZ7qCLCexki5asi,local
recZ8RsmcFNwlq0Y4,online
recZBvoE9l1WphhRB,local
recZFwUmbcdU3Ea08,local
recZFynJMWKfgY5qD,local
recZHNvHrTRDEPnMe,local
recZHsjYTuGAphuhJ,local
recZIdhw9F63nFnJH,local
recZM9Hx8mAlLZDoV,local
recZMoOmrwoat295f,local
recZPLh1q7OxCsIwY,local
recZTJyIHqVExSCGB,local
recZUAr1tsSgKZDOw,local
recZVT20nskNULiWK,local
recZVdDW5CV9rxV1r,local
recZXDmZq6Afb21DJ,local
recZYt7yo2cJ7xhB7,local
recZZfsp4FQn0tK8z,local
recZaeuAq5DRGTi6E,local
recZbHxZZ0jLnSi8x,online
recZcMZBLYhC15InM,local
recZhnNmt5avRGBwh,local
recZiScpVaomrIDZt,online
recZizLfOq5LYnRs9,local
recZkEZOKSi2UEHAd,local
recZlbY208dr5JKCK,local
recZqmUcPVrt7wLSc,online
recZqmUcPVrt7wLSc,local
recZtTCBTbfw0vyeu,local
recZv6PcH5o96NVAd,local
recZvb767p8aYEaAI,local
recZxO5OmVG698mYe,local
recZxRSxChUn0re0O,local
reca8JOqv0FwGrfLd,local
reca9R76l6GRUwQCp,local
recaBp7KA5E9jbSpE,local
recaDLUNu1XnyYu2e,local
recaDZyjdoTjcHeMr,local
recaEt7hxilCTgOns,local
recaFRc4KlzyIc8zn,local
recaFysJHeIPYZays,local
recaHzy9ukh3WnJyx,local
recaKpxxffRbaFfXp,local
recaOjt51XFczd1Xr,local
recaOnRYbIIRGNjdn,online
recaPtCURqp5gtcYd,local
recaQThmGR4q7cdZ2,local
recaSqrNWQIQvhrfK,local
recaTc4aMcIO8Ca7K,local
recaUd3CVk13Dy6k9,local
recaV17fmx7iljXrF,local
recaVwwTcx58ErL8Z,local
recaW0bnDpHY8Y6zH,local
recaXVQ7RFg9akhye,local
recaYax1CVO79ccCg,local
recabCaKREpJaNQOD,local
recad96Znix6qj9Hf,local
recaeJhLTSFODEABv,local
recai0kfx2K2Iz8Pl,local
recaikYGdDJKdeDPh,local
recairnzHc6sqLzib,local
recalPCog8xmdH0To,local
recanv6KnlZFJI5b8,local
recaoCAG1yRE5nPz2,local
recaojGdzEwbbkYTI,local
recaovvBPorf5Z0qC,local
recaqdHRyFXkzKQVX,local
recaqh7DIb53agsZy,local
recaqrJPF5eCsPRaG,local
recaqvPg6I9cA8eZF,local
recarwHfQDhyAp6vA,local
recas5lYY8WrRIyS2,local
recasjmJohHvkDWBM,local
recatnYkdE9t8b7ai,local
recawd4n2TeYf9VAw,local
recaxf4X7RShQ43hb,local
recb2bjWKJCvI5RxY,local
recb3WI0s6NYcuTOg,local
recb5JwlC9ZxtONCE,local
recb6iaanaaImfVQZ,local
recb7RgynQncXqOoc,local
recb8zfeQPCTZ9RBH,local
recb9vRB0WrD4LAEL,local
recbDsRPIm7ViemFW,online
recbGsVUOxddrLRY4,local
recbIR3Fo51sIFNkE,local
recbIkuwcSt4JAndH,local
recbIxQ3LbHTFQwjC,local
recbJOjMs8irTQ7TF,local
recbNuIcmg8Tlsw3z,local
recbPOpMMj6hsbpIc,online
recbPgQpFD4xtbfDC,local
recbRU0EByRlZz6Fl,local
recbS7LzT1zx1gD7h,local
recbSGfTgkA2oDgUg,online
recbSGfTgkA2oDgUg,local
recbSfjHXGNH01Ely,local
recbUmjOjsI5fiGGa,local
recbWP4jA5KNsOayF,local
recbWTIIWOrA4WTID,local
recba1YwmlpYtZsRd,local
recbbBwOcS2TVtGAQ,local
recbdIFzqVwTh5EVS,local
recberCGBEtgZxU5Y,local
recbfNKKzXeQqnmsU,local
recbhryL4wcs4U0ri,local
recbj5fZ6N2gfRoLZ,local
recbkgaASc9ufWfy1,local
recbl2YLgLFoS9rcA,local
recbmujE2jkPB6Jws,local
recbnf8ZPoKCTPfJg,local
recbpV7ztKhm9Dd5N,local
recbxivyXSMPvcRzX,online
recbyBri4rht98h64,local
recbyRvEkrZPLoERc,local
recc0a5V9FdhSXmHg,local
recc26EA4nCuaaQJL,local
recc67ahK0ID4QohG,local
recc7HEduBjf9ofD5,local
reccBAPVw3P0gDBuR,local
reccF3K02Iy8kkqNC,local
reccGKCbWTyWGXEtk,local
reccHti4FIALufupF,local
reccIiBZHbaaAJTID,local
reccJbMYJ3lHsv1zj,local
reccNOPaHYvFun3P4,online
reccOuuEoAjkTxvxL,local
reccQdqDsCQqQEz8T,local
reccSBGy6Pnswmyrp,local
reccSncCPpiEVKNg7,local
reccTZjMZQJX6tLPH,local
reccUyR62s3l0yngV,local
reccWIgIZUgFp0dEf,local
reccY5Ixw1SJv2nPA,local
reccYLqTwPcwFp5QQ,local
reccYQnaytvzPqA6Y,local
reccZqBa2wHJaCd7q,local
reccaPxNT2D3m85CI,local
reccb7bZGO2piuTUg,local
recccxPX1Ws5cliHg,local
reccgJYSnWnW2Yxab,local
reccjbJWptMfurX8d,local
reccmnacklUQPWajS,local
reccnNiWASBr7SoWL,local
recco10TiFRuj8m8w,local
reccp2uQYeE9tJhy0,local
reccpORlBq4HHs5BG,local
reccpwBnp2szfS9I5,local
reccrlhp6Hhed6kz2,local
reccuudzh4uHCtZQd,local
reccuygRGUFPYHo7o,local
reccw4i3Z1CsxPon6,local
reccypmmpf3qIVhTa,local
recd0JEdKsIMYJMmL,local
recd1ekqi8pgo0rJd,local
recd2Kk1KdHQ9Rdtd,local
recd3VRfL0awGjwwt,local
recd4EjjiMcRgtEjc,local
recd504EGjjugDMHZ,local
recd504EGjjugDMHZ,online
recd664udpABHiDWs,local
recd6OnE5bJTW2u7U,local
recd7hyBhTWr12MZP,local
recdAPL6MoL95EuYo,local
recdAa3snvgUmxXtH,local
recdB7khMpNXgHzGz,local
recdCamVct5QzGcNC,local
recdESWr2fvyJU0oj,local
recdFWHy0CbdBye2z,local
recdGRgbnM5xAF1jf,local
recdHxmr9fe4g972S,local
recdI1fbyvp9m93LN,local
recdIy7qH6xc6U9rw,local
recdJvECH9dVUdqpF,local
recdK67uBH64af3zk,local
recdPosQmv72yybeL,local
recdSRAWvtlcvDSOv,local
recdZ7xKF4TSsnetI,local
recdaAqcEk7IJ5Ba0,local
recdaSqtmKD9lR74d,local
recdbs25pXNS9jopT,local
recdcI3gdcZuyxdb7,local
recdeHRuFRv1YSx9W,local
recdlUQmLZTYNnvul,local
recdlyKZERkeZINeE,local
recdmIAZNo3mPylkE,local
recdobUC6bhX3ZfAQ,local
recdrJMNV1IimewJ3,local
recdtKv6SiRnd4VJh,local
recdtd7QaG08fMqRm,local
recdwG7w2H2eGa3En,local
recdxb2I0PmkilHpv,local
recdyJ1crRehFD8At,local
rece19fL2tnwRR2o8,local
rece2sj95dMpPSEQ6,local
rece3Um1vAeoh6fD7,local
rece5MWnwJvtXpYdQ,local
rece5dL0QhBfjMbu9,local
rece69fXBBX7ok0av,local
receAWXVZzpBtuSrC,local
receAdLds9gDm67fG,local
receBI8BAxCODds4r,local
receCO250eKawlap1,local
receDOZAvRuj61ZyV,local
receEko1NCjEXcDOy,local
receF2SNouap6hDeN,local
receFxOcjRUIsRorb,local
receJUZK9XwpdFnmO,local
receL9WCpm69uM7hi,local
receLD3JUi0d7CmPo,local
receM56w5G21B1OqE,local
receQNkhLZUiVBTRg,local
receRy2DmjX253D5U,local
receSHzo8pQRM0gau,local
receTaSo8o3Aj7Q3E,local
receUa4iWObbJD9rG,local
receWznV4oRLfSDkK,local
rececqIrUXdC34aqK,local
recedyfbJTMEDktqt,local
recegQo3uv9V4rPG6,local
recegcScCySxAtg8v,local
recei16gKbKk1zgVt,local
recel3SPvpBQLQmB9,local
receoKCc2nNn6d7GW,local
receoKrLnvOPpH3Un,local
receq4A2i96Ny6orf,local
recergLNpKgYpdUzN,local
reces3pCxbSOpxydE,local
recetRdiaGwT4KfAC,local
recewTHXrJoDMc3xt,local
recewd6m7kaSaIuBW,local
recezVlM5x5cE8vWG,local
recezZC0wv4LOI0ro,local
recf0UvhD7JNl125g,local
recf1fFH6xeYCK91S,local
recf3spVZzPjv7ENN,local
recf4889yTmO5e6VL,local
recf7ovNAFGT0BSrj,local
recfBAdGhrMKcOOEJ,local
recfCohH3UM9h9zFa,local
recfDh1UeRpmrEQp9,local
recfFD2xC5fmcO3wT,local
recfGdCN862ynTE9c,local
recfIkB0hJ8fmZAZ3,local
recfOlNNurvgbiYVf,local
recfQyZDA4ohKl3FE,local
recfR5HYospGueawp,local
recfSazWhPmXZXxmt,local
recfURixju0q49Rct,local
recfUSkHLIpV0LKiJ,local
recfWR71eCMNQDynm,local
recfWzdlrMcGtOrZk,local
recfX7TkoFYMRqxSq,local
recfXULrZZn4UNdrN,local
recfXnd2hkTmKC0k3,local
recfZOxFT4C78ltHS,local
recfaD06mgXfaMqfh,local
recfbpiFefnKo6Kg6,local
recfbxhTu0Vja26L8,local
recfeTNw6pqls8o0N,local
recffgavg6VfBHcpZ,local
recfgzeo9Mo2xzoCo,local
recfjyp2TYgMYz50I,local
recfk9kYrE0myFXB0,local
recfkLEshUl5KbYHt,local
recfkNvFp9vsFR7EA,local
recfl4fKiCqNX0tUO,local
recfnMG9NxxHOcR7f,local
recfom6snSygX46rI,local
recfq7SQ1Jk1fD6jb,local
recfqx8C9fOc9m8M8,local
recfsACS9sF6Hl315,local
recfw6tvjoPeyLULB,local
recfx1lWEXiVS0e6L,local
recfx3BcuwQDFXPlT,local
recfxTwP0ethMYdEh,local
recfyzVmvKagctJf8,local
recfzIP2Jg5zUvwmS,local
recg3p95P9sMYDzWj,local
recg48fWvqYHxn8cn,local
recg5MpcRfDE8F817,local
recg5zIC9aHJWaw0i,local
recg6bgcTDZUwwvzz,local
recg8vwmnIHBdJLRM,local
recgAKmWI6t6uzLE0,local
recgALYfYRvXkbLlM,local
recgAUztCJNlUdk9z,local
recgCXtAfQDsyEkyH,online
recgCePPc7AUWvvw8,local
recgELNMAt2Ndm9SA,local
recgF6PyXfdXcUfv9,local
recgF9Ly375k9IGan,local
recgFdU8vPMRfCcbr,local
recgH6Vl27LmEu1pi,local
recgI8F54KkJtDaLB,local
recgJAbVDz4XBhbO0,local
recgJXQ3cjq1GOq8D,local
recgKGhfgmoYEKwi5,online
recgLlehQYmGZaZET,local
recgM15MDWVXjpF6H,local
recgQ3Pwwi1YdEEaQ,local
recgQBNCCkfDisxxr,local
recgRhnkXDWjpNW6Z,local
recgS4Rq06JTHlued,local
recgS5sae6tqU5ePr,local
recgU8O3I3qGiKbUA,local
recgUeQiM1OEiMYLI,local
recgX483ZqJghjttH,local
recgX8NvtCYj9kcms,local
recgZ4gteobVFVYME,local
recgZlexX32N9v2vP,local
recgaTJNP3D2BmohA,local
recgbBlElE3VXKlaC,local
recgdJaE3PMoIv9lL,local
recgdi6FIMLW2W05k,local
recggiRtbVKKOdhas,local
recgiaT2zFYBGat3j,local
recgitlenCcwaZwpd,local
recgj7aKqGDxecTqM,local
recgkY3djbXcmOqhF,local
recgn5kuWLDi9jypD,local
recgnMG51WBrkvQli,local
recgnctKkRxjy3cEq,local
recgs0xJZS2vXvQPU,local
recgt0Sx9eDMITZhd,local
recgxk9Tcd6ZGYNJn,local
recgyTWTFjFKOVTIz,local
rech0By7kHjbDSXfl,local
rech4OZpW530Ai8W0,local
rech6YxttwrzYJVHT,local
rech8457SAfQhO4ms,local
rech9IsfRslo5z1YN,local
rechAystQBQPB8lHJ,local
rechCvQmBAIxtkBUp,local
rechGK004DDzBeM0d,local
rechHKk9LZoNivbTq,local
rechKAsQhIkRhmE4q,local
rechKrJYBjExxGEs2,local
rechLL97xBKdNUiXm,local
rechMPwUX3lFNla5d,local
rechOXqfNCEpNK3EO,local
rechQVzPG2eSbmobT,local
rechQpJJ9ifaE6JJ1,local
rechTwJDDiSwnUPMD,local
rechUZ9oKAfh6jlBJ,local
rechWkbRHuEwWevR5,local
rechWtHeKAimzRaZW,local
rechXYHKfduPeF17K,local
rechYc8EhYQ8DyIJN,local
rechZKiAtbofxiGg3,local
rechZLxR6IxosT5hR,local
rechcCiOwHYEDuLax,local
reche7NjUvommDEba,local
recheHfBNuD3M4oEI,local
recheo2SnWEPbdzCx,local
recheqh6j7bBuF1XU,local
rechgd0bFLnpsnF5w,local
rechjeTf6cV8EOfYZ,local
rechl17OBmwLw3z2O,local
rechnopCYosPQlzdH,local
rechq1jx5u44iYNIh,local
rechrLXa7grPhdkRr,local
rechujdh3xCzN9QNx,local
rechwW2px75OnrZDT,local
reci2QWLFEyfyIjaN,local
reci2i93evzg0Q6bC,local
reci3YCPWUevGd2RA,local
reci3dtVIG9me7SCp,local
reci6FXPBWonZKcvo,local
reci8wsGdohESN5jF,local
reci95QCMCjJTsLHM,local
reciFswhwpNrnxilo,local
reciFt4cDbTLe1HNh,online
reciFt4cDbTLe1HNh,local
reciGARTByuO2gb0J,local
reciMFaWHnnVCHqQy,local
reciNNPsOtR9JISd7,local
reciQf6qskbJ39LLV,local
reciTNzHFbfsRZgs9,local
reciVVw1vwyrjkMsf,online
reciYw0oOWBFRU6qv,local
reciaFlwbOXcg4hHK,online
reciann29Boc1KimG,local
recicR47YF0thvSB9,local
recid4HvD0F0Nd4Ea,local
recih2zea01uCBk4O,local
reciiUhqKQFs01DPF,local
reciiVBl3GliXVOZb,local
reciiXXU1VBX53L7H,local
recimxhUpEuTkORYY,local
reciqamGRdlYIoYDS,local
recisgNDbsHa77PUZ,local
recivyKOWwGXI53E9,local
recixYDAVmP3pbZKO,local
reciycq4wR67ZGEt4,online
reciydPXMzPDy6kB2,online
recj2X56Xp6XFIxFD,local
recj3rCYKzLPTMsXi,local
recj4qJaNH3wjxVh6,local
recj6YcfNrvqxGmCu,local
recj7OjGgNxBhncXp,local
recjAox9uZDs0bXml,local
recjDFAYnWEyiVQde,online
recjDFAYnWEyiVQde,local
recjF2GWZB25wMhnd,local
recjHAq514nZYfKME,local
recjI1JQwLq7wZw3B,local
recjJBz6yKnwHBelo,local
recjJYal4kYtf0vgu,local
recjLtUewupyEvoKe,local
recjOoMFWaREWUfr7,local
recjPdA1ywlIkR4NS,local
recjXaBOiVfjdfkjO,online
recjYBUITx0Cqk6KF,local
recjYq2Rv8tLCfuJw,local
recjZMF9GCIZaoBxP,local
recjbIMU7MO98PwBV,online
recjbKajGKiM8GTyU,local
recjc86D9wNHyhpYV,local
recjdXXmRvc3rupXj,local
recjdjs9ILEal188a,local
recje3a2MHYc0aSjg,local
recjfk7Xc7CzIpvbj,local
recjidbG0UFqyJ0EF,local
recjjfENHoMGQuhJ5,local
recjlKWntrNstsr0s,local
recjpBNCotaXDsghY,local
recjpG70yyPQxcffa,local
recjsUxhJR6jTVlXQ,local
recjsaza9WvGKAJ1h,local
recjtE3nFZgSZ30cB,local
recjtT4faKm0Qr19U,local
recjwqefMrF9YrgLY,local
recjyCnYkUve5s5P0,local
recjyoZ0mdxYuY47B,local
reck0t6bvT5Yg7opw,local
reck4VTkHBnH0plKJ,local
reck67KleaaHvbJgE,local
reck6aHp2g9HGJ3rl,local
reck7LhemsUewJRO7,local
reck7dZqBETuA3umZ,local
reck88EXkztVKdgkY,local
reck8H1euz5tRykH8,local
reckEqmYgU3njipVf,local
reckFoOzkJtimfpyu,local
reckFsRGKl3ap4nYT,local
reckGD6xnMRm6o6Um,local
reckGODNC6EEqwb1J,local
reckLQbQwq3Viajk5,local
reckOruuvmdGB38vq,local
reckR8KrJH4FkCRfW,local
reckSGNcu8B4yTwFF,local
reckSnMJfzYRCh4VS,local
reckTVJYM8boL2b83,local
reckU0BeWy9WkaI2y,local
reckZnpnG2a2mGbKm,local
reckamKBAJ3uUwUSe,local
reckbe69uEM0pJtTQ,local
reckcPlh1mIRUkDtT,local
reckeCDccUNLKJvCn,local
reckhUcnpcwGUzulo,local
reckilUhUT5m3NBvN,local
reckjq5w3lyc8ETiE,local
recklYBXQHBHfuw8R,local
reckmDRjm7DOTQIA0,local
reckn3NtpGR49OphH,local
recknRQjTgBwxHar2,local
reckpM6UmAkKDPl7y,local
reckqYnKpywwOEMrq,local
reckqnVrl2ujCqErA,local
recktdSjHlAyPm2aF,local
recktsKUDlH6VtQum,online
recktsKUDlH6VtQum,local
reckvNlRGZ72OVeTT,local
reckxiEDnL9SuBGcO,local
reckzelgnF8z8Zgl3,online
recl03PBilEu95kSL,local
recl0oZRjlh4Ty0Cq,local
recl38JAHXc26Xfar,local
recl3TJ9NGmtdaV34,local
recl56fbTYDf89Qgf,local
recl63xUo1Z6qJrsm,local
recl7JuCt29aVdQLD,local
recl8JLqm8IpjIsKQ,local
recl95NtTLrykhIsy,local
recl9X9chXhBs2Rw1,local
reclF0mHd6bNEohN8,local
reclGIWnVJNU0IbLJ,local
reclLdg7Pl0qsRvhC,local
reclMA8lIG4yD81hg,local
reclMhGBr1ZgzRJPh,local
reclNwRChGNOKK0Xt,local
reclRz7Gcf6D28FN5,local
reclSFzESggYjfgUt,local
reclTKE4yiupk60Zu,local
reclULlO9jYJODT6B,local
reclVd6HS5ox3M5Ba,local
reclZkAANn1k06SEE,local
recld4hIOubwqADnu,local
recldPGAYvl4a1Txc,local
recldw9zA02iUHFbT,local
recleFifvW2GSQpl7,local
recleilaqpZBr5Xrs,local
reclfCT4SQMFvQjaO,local
reclfIMwVVA153NC2,local
reclgWo9mNP4YLfji,local
reclgtdFznnQN9VFE,local
reclhVTaSlkbFRqyF,local
recli6D509eHt9wBC,local
reclkl73MViyd934h,local
recllZzhpVhqBkUHn,local
reclrRAuvaZGOfEOb,local
reclsIZeB157l9O1K,local
reclstb2QgOrGoL3o,local
reclvFzu6cdNqk42W,local
reclvM9QmclDDUjtt,local
reclzKartTwsM4jbY,local
reclzykm92r1XfmrD,local
recm1o0SiL2cy0hUQ,local
recm3NOw6X63bYmBJ,local
recm4KcCbmNrAa49R,local
recm5Pk69kYfqh2Qy,local
recm7ImcfuG5zllkb,local
recm9jVJsk3mqWHIX,local
recmEUByBWJGoN69p,local
recmEdM6LxRmmhaaW,local
recmFZISN4qvHavyq,local
recmIsr4d713Texju,local
recmJh3CBR05C9K5n,local
recmO9iDxOiCPIOwP,local
recmPfpi8CsHWXNBf,online
recmPfpi8CsHWXNBf,local
recmQ3HGj3D89OwTP,local
recmQoFEakx2fK4aq,local
recmQzX1PqCmzEWI0,local
recmRh7SGDd5a8MjA,local
recmTI2uJgH5M0Qin,local
recmUCLSKEosi2F9s,local
recmYrH0wX2N2OCNM,local
recmgLzw5AgHuJTJO,local
recmgoawmeb7aNQZp,local
recmqquQV6cxpkmoc,local
recmr3ylfZHnqg75N,local
recmu153XuXuDVaz6,local
recmuvgFTjSJHAM6J,local
recmvMmmLUu31etzR,local
recmwdhG1DYXNIrY7,local
recmxYG1jE4E3IoPl,local
recmyBoLRJbeQiChg,local
recmyT5Ug8G2EZuvV,online
recn1cfnYDMpnEhN8,local
recn2Z6KjlLdPEyys,local
recn2uJSsFlu1QvOc,local
recn3QTiTWlUULlHP,local
recn3w3LWoC5vT3R5,local
recn40spO6zkvPcvC,local
recn4qaIV99a4srGg,local
recn9Mp2Y5n3IvVS4,local
recnARMI6t1umiGAh,local
recnBLE3319RFTuol,local
recnCbVP8ApqgbdOI,local
recnFOc7hkrULC9zR,local
recnJcrjPLYAXTkxB,local
recnJdjtQkbN6MJly,local
recnKYzC2VDkTDffA,local
recnLOfF48W3huaEH,local
recnLmiy9JYqrCfpG,local
recnNS8tXB7GdiWVU,local
recnOrrFR4buPI8OA,local
recnOy4mxF9jxrEWR,local
recnQcIUAf0dqU4kJ,local
recnSZ9JSWMcQIsva,online
recnSZ9JSWMcQIsva,local
recnSwkISXIAL7t4j,local
recnTjCpad9R9E9MG,online
recnU53yhflfn6w8t,local
recnWx9pC9lYmS6Xi,online
recnXDYR2yMQtuWXs,local
recnYMRwStHr22elL,local
recnYj6V5QZEjFE8R,local
recnaEv2fbfhpwGZt,local
recnbSmLLwflresFY,local
recnfPwUqsMYIAq8h,local
recnhB1mRCdv2h7n1,local
recnhd35tVAjYb4FF,local
recnhg0PXUkhFrdZP,local
recnjHUxBKjRl51ST,local
recnjRFvLtCZ7wGIP,local
recnmLgdH8GtwNL38,local
recnnQ1O6DVfsw6yF,local
recnncgGfrVZlY5HR,local
recnp6li4cnHYHZCs,local
recnpDN6REsGuGbZD,local
recnqdn39SDvB9h1q,local
recnqz5j8OBU2enrb,local
recnrMBUYEzl31hai,local
recnvejOgmwRPMgY4,local
recnvygCmjzbxfdhU,local
recnwsBdEy3Za75vf,local
recnwsBdEy3Za75vf,online
recnx6RUH53reuZyZ,local
reco0rekoLm4wQ9Zk,local
reco26xyHTkdTpOEL,local
reco41nJ4Nb3t2D5F,local
reco4kenvhMxLFetC,local
reco5LhBEGhLCCEP7,local
reco5of8yAYKQWpd4,local
reco661HuRIRR2RYh,local
reco6JOvk7AznCURy,local
reco8WLcHvbPutTiO,local
recoCsDZ4Nt8szbdh,local
recoH9ViSGM5RGDpJ,local
recoHZUoveQkwnErU,local
recoJfZ3UFETJLH9P,local
recoLXZXbvKVI6kdx,local
recoLmUWfALHJuzcV,local
recoM9g0H3ZsvqpiR,local
recoOconBHNGYAfL6,local
recoOj2yNnwOE8sgb,local
recoQrat1RVGpfEwd,local
recoRHZfVFgrhvbsu,local
recoRUx3Gv36u0lBB,local
recoSsFdqljeonVk6,local
recoUCuzPL0lthr2e,local
recoX5izklD2oOQXA,local
recoXA4te6jV7r4Ve,local
recoYHffG0rdebREM,local
recoYoHgdijJXx117,local
recoaHR2FDExT7Koz,local
recobMdZfMvqWjYPR,local
recobqOM6VQaJHIAf,local
recofxPJRiC6DCjik,local
recogMilYeR2oB2RD,local
recoiTFNdqCsBvDLK,local
recojeu2cIugQ6htt,local
recojr6zfWq1agn4O,local
recomn6GfMZVeXGDF,local
recos68Qas16zhIIw,local
recovVLj8khlgqGTH,local
recovzGdrQTGdCEcr,local
recowVUC769C1bi1s,local
recownWXybr3anffn,local
recowpQ9vxuq7l94e,local
recoxOwaFo9y7S3gC,local
recozC50SKj6V1Q96,local
recp0U1PT0UVk0lc7,local
recp10iwt6n9ZuvAG,local
recp2fYMnsj8xYow5,online
recp4vNOvhIw7l5eD,local
recp6dpxExf4xImUU,local
recp9jtD7xREzv86l,local
recpDzDCGFTxG9X3o,local
recpEL1aai38VV97e,local
recpErZsDMONMEoJW,local
recpGtEe7v3JaiWWN,local
recpHTXiVdZI7aNzE,local
recpIYMjE9RO9Val4,local
recpK06iQdN8lfdeJ,local
recpK4pbGCELmHhEW,local
recpOGmBUiDWKEegs,local
recpOkC2kRkR1lRHV,local
recpPYJtaz8INhhJi,local
recpQUX0N7f4XXO0u,local
recpR76VBR3XXX8yw,local
recpRpRRdjb4EypNU,online
recpRrq18N3h69r1x,local
recpSuk99ihr1zaz4,local
recpTKMgqPfKlllK0,local
recpU0Xg0yuY7lV09,local
recpVFlFnZMgpRrb1,local
recpXEjdbv53hd7gP,local
recpXEn20poBlWz5W,local
recpeAX0IqzjdgC8B,local
recpgBwvcslruHs8m,local
recphha5GSiIxEOdl,local
recphoR8nC0O9FQjS,local
recpjzIuUdIrDodL5,local
recplpaRIoSasdUjk,local
recpnbzXKAZa6FkSj,local
recpoSRyoQcbNr95J,local
recpqgRHeyR0DnaOh,local
recprwfFgq5D9h5zp,local
recpuBSSo0Y4t0djU,online
recpuyG1DqWEOmOJd,local
recpwXoum1TQBEmKC,local
recpx4JR4dIixJsqj,local
recq3M5tQKtb0eU8w,local
recq82jvLfWAf1DIf,local
recq8Awp8rd1L68yn,local
recq9yJLzdYiRhZuS,local
recqAG2ulK3EhP19v,local
recqAemh2AkhDvFZc,local
recqBQMsPtA4Qg1Sq,local
recqG2cvHkYdMJqEm,local
recqGORljAaHukQqf,local
recqKCBHr9aK9l13L,local
recqKUGb68b9iaI42,local
recqNVIfQyRkII0lk,local
recqO428Qmc82v1aH,local
recqTIj0IVOGeRYSr,local
recqVv6NslxJVsJTk,local
recqWHeqM52XZo2hd,local
recqWKKet0cAX82Wt,local
recqWKYVhaENy7jXZ,local
recqWOAlrNoOOJtcn,local
recqWhb5YRbz0Z4qe,local
recqWmHaGgAdm8dnq,local
recqYN7NwZW2nO5QF,local
recqaeO3UseAykj8O,online
recqdEIbnH4OnZWLK,local
recqdgEKylWUBk0u6,local
recqg7Lh5jaoeYAEn,local
recqhINJ0SjC5dJyp,local
recqhX4xcJ1jG1FX9,local
recqij6PTMR8fDnBE,local
recqj3pj0bgPljpDs,local
recqmKlvuYqT2bym6,local
recqmv6ABLxKThW6o,local
recqnK3wqEkNIEdld,local
recqqeX3oydvy6Ut1,online
recqqeX3oydvy6Ut1,local
recqu2gyS533jyI8q,online
recqvQAQGbeKWcl3U,local
recqwTDRM2QYmo8Yk,local
recr5ub0ELucxrnVv,local
recr6c5pd3gSz5HPU,local
recr6jGqIPfYCCgCM,local
recr7tPuf5sKmG2XE,online
recr7tPuf5sKmG2XE,local
recrCWK26pqN9HCi3,local
recrErd3H6juz3Cgs,local
recrFZbTlKzbSawSl,local
recrISuQaHdQB0IvY,local
recrIvXdlpgj0fGf5,local
recrK634mbTmCGJO3,local
recrN70YNYMJ2GDhk,local
recrOnk4H1X7G4y6b,local
recrQSQr4n42Ok9CM,local
recrQdoD6ir3JFSKm,local
recrUJ8jLJhrkeksd,local
recrVQ9BOwKOJ40tU,online
recrVQ9BOwKOJ40tU,local
recrX5uhqXmNo5gyL,local
recrZd93G2TfKkcve,local
recrZvKX4OvMe2mgl,local
recre2LvIcr8hVBre,local
recrgotHTxLyk6RoK,local
recrhW6Zm0CS6R8Zp,local
recrhYMdfX8j0ybVa,local
recriHhUMJ6rFDGwW,local
recriSDoBDg9Iktrg,online
recrjt2AmcacPuoXg,local
recrkOz38IgLFaPvA,local
recrkPywccgrEgYlf,local
recrkRkJcvspQ5TzU,local
recrl6vQ4efgqI9b0,local
recrlh5kRgiZHWfXT,local
recroFuu4XEbm0LbH,local
recrqZM39U3b6syy8,local
recrsnm7TfNwRafhZ,local
recrvFqXlHsZN2GxV,local
recrzEU3btb0UwVR8,local
recrzkuQgmnO1XhbL,local
recs0c9jvJ2ovVjiL,local
recs1KOxunIHEfgix,local
recs1xbX3kAeGBoKI,online
recs2KMWWngNo9Yiq,local
recs3qiGKB5VC1YHG,local
recsFxinEEzilwklc,local
recsG38fPWJ4IJHNY,local
recsGhGd6a6cptrcB,local
recsIEXKpAmckNS4r,local
recsN5ncsLFSwktrQ,local
recsP9vv4Fc1DY7Qs,local
recsPBbuU4DTDHOSM,local
recsQLvOqUlnFIrty,local
recsSnCgRxQ99xHb0,local
recsT5RGuXGnqhlFv,local
recsTC9e9X0Yi30E9,local
recsV97uvbSpQTBxY,local
recsVx2akpS9ub4M4,local
recsWQ3uKOSc1aztG,local
recsWb7ClaptBGzSD,local
recsWeEIVytfnAWy3,local
recsWqJQrKa4RHGfD,local
recsYzdtZXZk5tnX4,local
recsaRf1DhYkKAQQL,local
recsavjEObbgAouSm,local
recsb2DVoMzSPd0cy,local
recsd0XnW5cI14kGu,local
recsdsAFeybA6EVnW,local
recsg4cx8mtoBY0PD,local
recsi0TBAP6migN90,online
recsibhSN3n9z8ix2,local
recsickTd181tGi9e,local
recsjdV63lupx1T18,online
recskpzTpYPHL3yIu,local
recsmH0Wt9wkd6A2x,local
recsmUOPo1ezjcTdR,local
recsn49eEshKH0l3M,local
recspggXNJV48mueo,local
recspk2XyFJrzl3Ke,local
recssKm2q7DuLlW6f,local
recssZau7PITXULqT,online
recsvrYpWwCKI74Ku,local
rect16pIwg6UCHpcv,local
rect1D9UZ0EUV27nT,online
rect1VV4W7JMpldvp,local
rect4lBeSMtkQfKt4,local
rect5cwRpktzrqvJ5,online
rect65eLGTTJHaBqV,local
rect6ZkuQduPm9oWx,local
rect6zRVqmOQpCcCO,local
rect9W3174pYxu5T4,local
rectAcsAPt4mz3qZI,local
rectBVwTestOFtICC,local
rectEZqSzG5UDilLx,local
rectHDbi7suzoA7ke,local
rectIGxEUvOC0rtVR,local
rectIQmRwb2gIHvNO,local
rectIlqwgcp9UWvh1,local
rectJn34BSs02fNKB,local
rectPIPdZrXfUBgCD,local
rectSV4Ir4ANQ8vTR,local
rectWjefKqle9v8WA,local
rectXablKKi9Ka6GO,local
rectYjDMCnwF29Xsz,local
rectYytKv4V7S8TJi,local
rectaK4oD2Uo9LWkt,local
rectazv2jwHpjGy8Z,local
rectd5XzYWCXAv1cx,local
recteKonCEG18HAtA,local
rectjrAq2a6sgISly,local
rectl40x3ac2peuOV,local
rectmvdqFCwjhiM1T,local
rectpz8szxjJf8f2I,local
rectqNcWmlG2FkN60,local
rectqs3x0nxasaTs0,local
rectr3iV4NXeJcLR7,local
rectthlst2JMasEHu,local
recttttdNcQz1IWIB,local
rectvVpjapGW8ZUGc,local
rectxXmcZkycm1JHa,local
rectyLEPMuxhq5z72,local
recu3HnqmKvGIkwWb,local
recu4MMDB5irwKr2t,local
recu58G5vHWG8oUh9,local
recu75qp6WWAsRotX,local
recuA3AW2hYESS01c,local
recuBW4c9tsaNu5BQ,local
recuC3xBxAMpT5I1k,local
recuC7gkYrmVf9AXa,local
recuDErjTMqiaCTYB,local
recuGbUX5R7xCId4l,local
recuIzvLbfbW2ZPne,local
recuK6HsRy74i0B8E,local
recuKbxvRYRdPNpTW,local
recuNFTcRPMX0LDke,local
recuUHOZ2sAa9nRXl,local
recuVoHd0FnXOatES,online
recuW5iKkIBpN3NbS,local
recuYtLmgOpqZkUgE,local
recucY0VQDiVpkutu,local
recudgNwMjTVGd2kG,local
recuemLTiXjkWiPJQ,local
recugOTHmfEsRpNLP,local
recuhhGQBChO0eXrT,local
recuhk7NRUK7cpOtK,local
recui0NZGhb0uzlJZ,local
recuk5hrhSe3NamxK,local
recunkLpuaOfWhWTZ,local
recuoY5AAKrQxAoYI,local
recuqXEQypSWbaXzg,local
recuqztibHW1Kx6Tb,local
recurAlhabNk8rxaZ,local
recurRYbZTDlLOu10,local
recuruSLzq2bQm8mp,local
recusYINHFmpWRkke,local
recuuteczyXSlnT50,local
recuvMTc93qGaCzWa,local
recuwKCnB52vqqliJ,local
recv13FL7lydIEeu6,local
recv1pseNklqaa74p,local
recv2EI8fMkosyAL8,local
recv4ykZZqaWVVoEX,local
recv6uObPbtQsXlR5,local
recv890lEZkhTOTFS,local
recv8t0mDjk20GAtS,local
recvCsuTrYyPu0TWP,local
recvDQws9fcbk4Ph7,local
recvGGK3Nmdn23nAC,local
recvHQzepaB5b6Xyw,local
recvIP8BALOuPKJBm,online
recvJDJSOtrYn3v8S,local
recvK2cjucp5pQzVc,local
recvMi4MNxxGu8erJ,local
recvQaMWrQ3WspN5q,local
recvRSgrVQ2HwQc2l,online
recvRSgrVQ2HwQc2l,local
recvSDHnWZCSfKvt5,local
recvSiQ5sJfdCM0xT,local
recvUdxz6f2nFu8vt,local
recvcQLts3NjMRaqi,local
recvfp3LiGQ9SrS95,local
recvhBH6PtNAFXoDk,local
recvhm6I2uEv1vme7,local
recvi3nx4URXEUpEG,local
recvijDcLhscl8trj,local
recvikyWWoXjATDzu,local
recvjZ1Asptjnav1u,local
recvlCg6OA1eVanzL,local
recvm4XMevyK83EjW,local
recvmTmRciPqv6HdB,local
recvmkITfKD4DZlz4,local
recvmtm4ZiIp2G4aO,local
recvq5e2H1ZWBR3qz,online
recvsImFUn0gV4Elq,local
recvuEuVCYjvvtKQ3,local
recvuhVMPbmQT1evc,local
recvvdx30ucL2HMOL,local
recvwRhXgvGBw0ERP,local
recvyQXdjPI8ZpxBo,local
recvysoOGDRInIb86,local
recw1B0AMFm6NE3Uc,local
recw2e63BvIsfLPNd,local
recw2uJwllmxcTq0K,local
recw2v66Wg2eEAol0,local
recw5EKvCu5aeBPCR,local
recwCq0zBE7595SUb,local
recwDUc84HvIcSXlh,local
recwEPotj8le28gsB,local
recwEi4eOo3hvVelq,local
recwFPFfiYUffqJHn,local
recwFkxTy5RqLocKm,local
recwFu2oheqimROWu,local
recwFuRr0LSQmmFrz,local
recwG8LdsAHCSKkFO,online
recwIjeYZbvFK2JJ7,local
recwJ0GJFY72SmTZc,local
recwKCxgyKgtbTfFB,local
recwM9m2JIWSlyvJn,local
recwNwiiUju7yAxG9,local
recwOdnp0C5tpIjhT,local
recwOyzKqirmwNeaM,local
recwQHLmncgbBwzkX,local
recwQfbiuSh3clOkf,local
recwQfbiuSh3clOkf,online
recwScmqJWziV4WEA,local
recwUmRHJ7dJxmT99,local
recwUzOmPe3UUCNSu,local
recwVErQiUNvpHR1q,local
recwVN8vrqZd581Rx,local
recwZK49Jysj6y9OF,local
recwb93eDc8spU10d,local
recwc1zdXOsiv5reT,local
recwdSTgIfBQoPGGk,local
recwefG9r2eqgoUp9,local
recwgyVHJoZDWf3Kz,local
recwkOZ5Oup7BqQLb,local
recwl3QgSS7z9qKyH,local
recwl9Km0hYdJ5WlC,local
recwm7NBPAadIjljW,local
recwnuAWkxxjALHBI,local
recwqBikTkBq0Jukw,local
recwqoObg40pJwfAk,local
recwro6X5qNIGai2b,local
recwrzsaI65YcUql6,local
recwsE7QKnhMpiqST,local
recwxpQLJkHCD1NGA,local
recwymlcJ2xeHbZLp,local
recwzD9yiHZby75H3,local
recx2SWttZkKDvL2b,local
recx2jEKruxAQoQM2,local
recx3Q008yD2HVsoy,local
recx3ZjCxg9NDz46o,local
recx5WyHG91LHg733,local
recx74rViW0Dy29DO,local
recx7qOrPedFTpQSV,local
recxBV4PHO4gRpjhC,local
recxDqBVJIOeRY3bD,local
recxEUe3Fza3YK4cS,local
recxJDRlOehu0gwQf,local
recxKGRcGVyCE5tk0,local
recxKk46GgMvtE97h,local
recxL7th9amviVKUT,local
recxLBKVtAy7CciIi,local
recxLuPokDaYm0Ld3,local
recxLzxDtYxNEGlLj,local
recxM8gmYquZ55qq2,local
recxMrnoYeNfaXIHG,local
recxNNhmUaJ3avIm1,local
recxOho8o0UZrZe33,local
recxR4SCna8ABsU2K,online
recxR4SCna8ABsU2K,local
recxUWYHdmqe8DhTd,local
recxWkEBVfNIOOorC,local
recxX4MaMF3KkOvd7,local
recxXsw477UYbwgHJ,local
recxYrn4alVLKNR8u,local
recxapSyKFDV2Sn0j,local
recxc1WZhAMwugS8G,local
recxcFKOY8M7vdbvy,local
recxckNONWjgrvPaz,local
recxeSEZ7RgMXYLmR,local
recxgk0DOoQriHmWQ,local
recxhv6CLmHYskJ7k,local
recxj0SjynXWAj84D,local
recxjkC7fEoFVYjLk,local
recxlcQ6OLPZIeS5r,local
recxlgR0myBN334we,local
recxoDbuDDpl7gKtf,local
recxsqBRerzhQIWqh,local
recxtcMg3Dd4cbPwN,local
recxtk2sT8KSW0844,local
recxvqIJ1EnRyrPJb,online
recxwubwxpnsvjOjj,local
recy1aShyjTaPYRfT,local
recy39UdoW228mUZo,local
recy4YD0Av0jHgvOx,local
recy6swiw1lU95uGr,local
recy8xX6T9ICYMmaE,local
recyCOYafD70vdgb9,local
recyDqarYHl7uYKjE,local
recyEjoflPEZetpt3,local
recyF9znYGC8ZPoXd,local
recyGTgsPFFG7HtlP,local
recyH9Dbpmn9pZwJh,local
recyJag43CA7RdVOx,local
recyKzrD9eyoZfTVu,local
recyMKBHl2ytDVJz8,local
recyN1ujzIqYLHOZ7,local
recyNSJsk1uWHTjas,local
recyQ7PdbzcQSnsge,local
recyQaOLpmnoPerAG,local
recyV59BDBWMjh7VO,local
recyVFEao1VgI7LCE,local
recyXlXEMRddAJTnI,local
recyaQsc19Vy6WeE3,local
recyaWk2JQWJQqOck,local
recybPMG3pznssJjS,local
recydEWT9GfRDd36G,local
recyebaXJvqdW38OC,local
recyh9iOjAwTxWlkS,local
recyhHSU7ooEOD3KN,local
recyhxwfCTruh8LFL,local
recyiWb6jTTXTMRJp,local
recyikItRbld60R3w,online
recyikItRbld60R3w,local
recyiszC543jTCpca,local
recykEf3fMYvE5Y4p,local
recylHT7M2qjcnd8B,local
recylbBqLrWStPjiZ,local
recynBRv7C4ugO7lV,local
recyoP0CVxFF3zhuD,local
recyoZRTuuKuNVymB,local
recyosiFxMsEcWrrX,local
recypacE7BDh9rbnD,local
recypuQyXZdVnINtO,local
recypzAvIrMqfAsH5,local
recyq66AU6fBM582F,local
recyqXD1J7nh1wzmc,local
recyqpz9X9tZgUDwH,local
recyqsZa19fjLgwPM,local
recysXNwllfrMgkl1,local
recywTvHbWrCAmN5b,local
recywUZqux77A34Pl,local
recyxgexwpsTTpEOi,local
recyxwJtpCzmvrJhS,local
recyzJkt7yqWD4JMy,local
recyzVvFEcGWaQ2dT,local
recz06ZEAliIFmP7X,local
recz0Bj15Lk9rzazt,local
recz4SIvDHqdQInRB,local
recz5yN57LX9I5LRr,local
recz8BFYyU0514ZtO,local
recz9NHPcT3RwUl9N,local
recz9eBeGGVZ713Ip,local
recz9ui2OokPg19l8,local
reczBxP5fjRK2zgUa,local
reczDHv0J6WDgj2xU,local
reczDQcdqpoRCKJoZ,local
reczEUWi4yhYAEfb8,local
reczGg90EKlC97Vho,local
reczHMc0POwNqpUVV,local
reczIarcqDeRIcBv3,local
reczIfnu5GSHcVMDs,local
reczJ3fIX5BFtX4Bn,local
reczSGDlIZ212AkbU,local
reczUPlLhTpQriRGt,local
reczV35UXGYVcNkcO,local
reczV8tbvNq6XCnQw,local
reczWuoNDZrBsBuq6,local
reczXilUoBlbMvl9n,local
reczZlfNv4UsjVwwh,local
reczZyVEXBe1qw8UD,local
reczaTWRqSMDqqd8P,local
reczdooNNpQjGWhyB,local
reczgLha71UWHDELn,local
reczhIHEyS84HB2M5,local
reczhNQ1kmt2Ogw05,online
recziWDFrsBvi3Nw5,local
reczoxVYhhU0SNqDC,local
reczpFNZBmuUZFDlT,local
reczrUj5uJXx4JJ6S,online
reczu94tkDrawEUrr,local
reczuqR9Tn4qBV5Be,online
reczuqR9Tn4qBV5Be,local
reczy9uCLrVcWKWuA,local
reczyVOmF51WPPgcs,local
