vendor_id,specialty_category,specialty_value
rec0AcUbQ2KY2FXv6,tutoring,Math
rec0AcUbQ2KY2FXv6,tutoring,English/Language Arts
rec0AcUbQ2KY2FXv6,tutoring,Social Studies/Humanities
rec0AcUbQ2KY2FXv6,tutoring,Science
rec0RW85xJyDv86wr,tutoring,Math
rec0RW85xJyDv86wr,tutoring,English/Language Arts
rec0RW85xJyDv86wr,tutoring,Social Studies/Humanities
rec0RW85xJyDv86wr,tutoring,Science
rec0teErbvaQ0loRA,therapy,Occupational
rec0teErbvaQ0loRA,therapy,Physical
rec0teErbvaQ0loRA,therapy,Speech
rec1Be84y3bDcOt5m,tutoring,English/Language Arts
rec1I8ZBKD800gZEz,tutoring,Math
rec1IW4n6FgkWsIAV,enrichment,Neurodivergent-Focused
rec1SRiAz6HA7yqEe,therapy,Behavioral
rec1l2KWKoOYaoY5O,curriculum,English/Language Arts
rec1xyFNED4ZXEum4,therapy,Occupational
rec1xyFNED4ZXEum4,therapy,Behavioral
rec1xyFNED4ZXEum4,therapy,Speech
rec25Uh5SH7jsRRT6,therapy,Behavioral
rec2UbievNAIL0JLh,tutoring,Social Studies/Humanities
rec2UbievNAIL0JLh,tutoring,Science
rec2UbievNAIL0JLh,tutoring,English/Language Arts
rec2UbievNAIL0JLh,tutoring,Math
rec2UbievNAIL0JLh,tutoring,Foreign Language
rec2ckggayWVb6Z3x,tutoring,Math
rec2ckggayWVb6Z3x,tutoring,English/Language Arts
rec2ckggayWVb6Z3x,tutoring,Science
rec2csB12H2i2X0gt,therapy,Music
rec2x3xToEllwisqH,therapy,Dyslexia/Dsygraphia
rec2x3xToEllwisqH,therapy,Speech
rec35jDr4bnMzkFzI,therapy,Dyslexia/Dsygraphia
rec35jDr4bnMzkFzI,classes,Neurodivergent-Focused
rec35jDr4bnMzkFzI,classes,Science
rec35jDr4bnMzkFzI,classes,Math
rec35jDr4bnMzkFzI,classes,English/Language Arts
rec3XLv114esoUaLc,enrichment,Technology
rec3XLv114esoUaLc,curriculum,Self-Paced Courses
rec3XLv114esoUaLc,classes,English/Language Arts
rec3bXbAHP3oVTXDU,supplies,Health & Safety
rec3kbTPUHuK4YLJA,enrichment,Outdoor & Adventure
rec3kbTPUHuK4YLJA,enrichment,Neurodivergent-Focused
rec3kbTPUHuK4YLJA,enrichment,Life Skills & Career Prep
rec3tUtaDZuyfB8CH,tutoring,Social Studies/Humanities
rec3tUtaDZuyfB8CH,tutoring,Science
rec3tUtaDZuyfB8CH,tutoring,English/Language Arts
rec3tUtaDZuyfB8CH,tutoring,Math
rec3tUtaDZuyfB8CH,tutoring,Foreign Language
rec3vPbM4k1Nwclqa,therapy,Dyslexia/Dsygraphia
rec3vpOERxpLcCi6A,tutoring,Math
rec41jSgf66qakLWU,tutoring,Science
rec41jSgf66qakLWU,tutoring,Foreign Language
rec41jSgf66qakLWU,tutoring,English/Language Arts
rec41jSgf66qakLWU,tutoring,Math
rec41jSgf66qakLWU,tutoring,Social Studies/Humanities
rec4EUwtQDFKMQjJp,therapy,Occupational
rec4EUwtQDFKMQjJp,therapy,Speech
rec4eC0G7OI0JkIF8,tutoring,Social Studies/Humanities
rec4eC0G7OI0JkIF8,tutoring,Science
rec4eC0G7OI0JkIF8,tutoring,English/Language Arts
rec4eC0G7OI0JkIF8,tutoring,Math
rec4eC0G7OI0JkIF8,tutoring,Foreign Language
rec4jdNmPu5gSXqlQ,tutoring,Neurodivergent-Focused
rec4jdNmPu5gSXqlQ,tutoring,Math
rec4jdNmPu5gSXqlQ,tutoring,English/Language Arts
rec4lyeS2NjhHgk19,tutoring,Science
rec4lyeS2NjhHgk19,tutoring,English/Language Arts
rec4lyeS2NjhHgk19,tutoring,Social Studies/Humanities
rec4lyeS2NjhHgk19,tutoring,Math
rec4vYrne49NslQM1,tutoring,Math
rec4vYrne49NslQM1,tutoring,English/Language Arts
rec4vYrne49NslQM1,tutoring,Science
rec52DnEFtB78F9lp,tutoring,Social Studies/Humanities
rec52DnEFtB78F9lp,tutoring,Science
rec52DnEFtB78F9lp,tutoring,English/Language Arts
rec52DnEFtB78F9lp,tutoring,Math
rec52DnEFtB78F9lp,tutoring,Foreign Language
rec5SoU77WVMB5Jkc,therapy,Dyslexia/Dsygraphia
rec5SoU77WVMB5Jkc,curriculum,English/Language Arts
rec5V2WjX9nTWtifx,curriculum,Neurodivergent-Focused
rec5V2WjX9nTWtifx,tutoring,Neurodivergent-Focused
rec5V2WjX9nTWtifx,tutoring,Social Studies/Humanities
rec5V2WjX9nTWtifx,tutoring,Math
rec5V2WjX9nTWtifx,tutoring,English/Language Arts
rec5bvV8yvIKHwnNF,therapy,Occupational
rec5bvV8yvIKHwnNF,therapy,Physical
rec5bvV8yvIKHwnNF,therapy,Speech
rec5dcsKEbTM7tztO,therapy,Speech
rec5gLa4ssL9vqgPE,tutoring,Social Studies/Humanities
rec5gLa4ssL9vqgPE,tutoring,English/Language Arts
rec5gLa4ssL9vqgPE,tutoring,Science
rec5gLa4ssL9vqgPE,tutoring,Math
rec6Dbf6KaJSWzk9L,tutoring,Neurodivergent-Focused
rec6Dbf6KaJSWzk9L,tutoring,Math
rec6Dbf6KaJSWzk9L,tutoring,English/Language Arts
rec6Dbf6KaJSWzk9L,tutoring,Science
rec6Pjv0Lo5Fz9qSW,tutoring,Science
rec6Pjv0Lo5Fz9qSW,tutoring,Math
rec6Pjv0Lo5Fz9qSW,tutoring,Social Studies/Humanities
rec6Pjv0Lo5Fz9qSW,tutoring,English/Language Arts
rec6Pjv0Lo5Fz9qSW,tutoring,Foreign Language
rec6Q1I8PZCu2RNEb,tutoring,Math
rec6Y1TsKTzWZMi5f,tutoring,Science
rec6Y1TsKTzWZMi5f,tutoring,English/Language Arts
rec6Y1TsKTzWZMi5f,tutoring,Social Studies/Humanities
rec6Y1TsKTzWZMi5f,tutoring,Math
rec6cAi9oduhKtnoJ,therapy,Speech
rec6iRrkCiwt0nbwe,tutoring,Math
rec6iRrkCiwt0nbwe,tutoring,English/Language Arts
rec6iRrkCiwt0nbwe,tutoring,Social Studies/Humanities
rec6iRrkCiwt0nbwe,tutoring,Science
rec6yXV5eh9uncPyX,therapy,Occupational
rec6yXV5eh9uncPyX,therapy,Speech
rec6yXV5eh9uncPyX,therapy,Physical
rec70u2W2rPtBlU0q,tutoring,Neurodivergent-Focused
rec70u2W2rPtBlU0q,tutoring,English/Language Arts
rec7HIArdgibt39wS,curriculum,Math
rec7HIArdgibt39wS,curriculum,Self-Paced Courses
rec7tMWBaxEFx5jmW,therapy,Behavioral
rec8edHhLyf9zq4rn,tutoring,Math
rec8edHhLyf9zq4rn,tutoring,English/Language Arts
rec8edHhLyf9zq4rn,tutoring,Social Studies/Humanities
rec8edHhLyf9zq4rn,tutoring,Science
rec8ie2iBVuPor3vL,therapy,Dyslexia/Dsygraphia
rec8ie2iBVuPor3vL,tutoring,Math
rec8ie2iBVuPor3vL,tutoring,English/Language Arts
rec8q9A9YdLpOqSP0,therapy,Speech
rec8xsmdXHtlRqRFg,tutoring,Math
rec90yiCDCaphZ5Ct,therapy,Behavioral
rec9KJN5UE2pwJiy4,tutoring,Math
rec9OvjfwnhXp8wIu,enrichment,Life Skills & Career Prep
rec9OvjfwnhXp8wIu,enrichment,Sports & PE
rec9OvjfwnhXp8wIu,therapy,Behavioral
rec9OvjfwnhXp8wIu,tutoring,Neurodivergent-Focused
rec9OvjfwnhXp8wIu,tutoring,Math
rec9OvjfwnhXp8wIu,tutoring,Science
rec9OvjfwnhXp8wIu,tutoring,Social Studies/Humanities
rec9OvjfwnhXp8wIu,tutoring,Foreign Language
rec9OvjfwnhXp8wIu,tutoring,English/Language Arts
rec9htUXxIpBtAqGP,tutoring,Math
rec9htUXxIpBtAqGP,tutoring,English/Language Arts
rec9lGUokcQqVECPb,supplies,School Supplies
rec9lGUokcQqVECPb,supplies,Technology
recAE3T6gfEsMYBzY,tutoring,Math
recAH5CtLnRuRobhE,tutoring,Neurodivergent-Focused
recAH5CtLnRuRobhE,tutoring,Math
recAH5CtLnRuRobhE,tutoring,English/Language Arts
recAJYJBF3I2Hy6qQ,tutoring,Neurodivergent-Focused
recAJYJBF3I2Hy6qQ,tutoring,Math
recAJYJBF3I2Hy6qQ,tutoring,English/Language Arts
recAjxtHIO4BFjP1d,tutoring,Math
recAjxtHIO4BFjP1d,tutoring,English/Language Arts
recAuQrYSsJfHuqkq,tutoring,Math
recB9b9HRUF2kxFfv,therapy,Speech
recBE2sGIf3bLlQZH,tutoring,Math
recBVcb5ngomV3Ktj,curriculum,Math
recBVcb5ngomV3Ktj,curriculum,Science
recBWre76GzCTpP7d,therapy,Behavioral
recBWre76GzCTpP7d,therapy,Other Therapy
recBkGg1B0mxOVcRn,curriculum,English/Language Arts
recBkGg1B0mxOVcRn,tutoring,English/Language Arts
recBrdE7qLr8quQ9o,tutoring,Math
recBrdE7qLr8quQ9o,tutoring,English/Language Arts
recBtnrEIxtBx7vmx,enrichment,Art
recBtnrEIxtBx7vmx,enrichment,Science & STEM
recBtnrEIxtBx7vmx,curriculum,Complete Curriculum
recC1wspSYwa5NBCI,therapy,Speech
recCLl9HSPo5vGWe9,therapy,Speech
recCbcxy6MbI5kBgA,tutoring,Math
recCdONJk1EZFuNsa,tutoring,Math
recCdONJk1EZFuNsa,tutoring,English/Language Arts
recCwUx56zi7m8HH7,therapy,Behavioral
recD1FRlQNGsQa4dr,tutoring,Math
recD1FRlQNGsQa4dr,tutoring,English/Language Arts
recD1FRlQNGsQa4dr,tutoring,Science
recD4Wj8FNwJDoGEh,enrichment,Neurodivergent-Focused
recDEjk5wNyYtX1yS,enrichment,Neurodivergent-Focused
recDIjEZlsi7JakmI,therapy,Behavioral
recDbcAtZ8ZqkLpv7,tutoring,Math
recDbcAtZ8ZqkLpv7,tutoring,English/Language Arts
recDdjIVTBxn7WgqQ,supplies,Health & Safety
recDdjIVTBxn7WgqQ,supplies,Assistive Technology
recDp3ZV5dwdhSOIo,tutoring,Math
recDqjD17zglXo6Fu,therapy,Speech
recDx7PP9V1otZiUK,therapy,Speech
recDzH8xzoPoH2YOG,tutoring,Math
recDzH8xzoPoH2YOG,tutoring,English/Language Arts
recDzH8xzoPoH2YOG,tutoring,Science
recE2ii0eqTC8d4ON,therapy,Occupational
recE2ii0eqTC8d4ON,therapy,Physical
recE2ii0eqTC8d4ON,therapy,Behavioral
recE2ii0eqTC8d4ON,therapy,Speech
recEI0uWFZbhJUTAN,classes,Neurodivergent-Focused
recEI0uWFZbhJUTAN,classes,Social Studies
recEI0uWFZbhJUTAN,classes,Science
recEI0uWFZbhJUTAN,classes,English/Language Arts
recEI0uWFZbhJUTAN,classes,Math
recEhVnTpgU2t1hKb,therapy,Occupational
recEhVnTpgU2t1hKb,therapy,Speech
recEnTnarOWpEIdSJ,enrichment,Neurodivergent-Focused
recEnTnarOWpEIdSJ,enrichment,Life Skills & Career Prep
recEnTnarOWpEIdSJ,therapy,Occupational
recEnTnarOWpEIdSJ,curriculum,Neurodivergent-Focused
recEnTnarOWpEIdSJ,classes,Neurodivergent-Focused
recEsZNeYCXVvd2YI,tutoring,Math
recFCIEgO6TOOaDx8,therapy,Occupational
recFCIEgO6TOOaDx8,therapy,Physical
recFCIEgO6TOOaDx8,therapy,Speech
recFKmVoBkmoOSj8a,therapy,Occupational
recFKmVoBkmoOSj8a,therapy,Physical
recFKmVoBkmoOSj8a,therapy,Speech
recFbv19754s4sRIK,tutoring,Math
recFbv19754s4sRIK,tutoring,English/Language Arts
recFbv19754s4sRIK,tutoring,Social Studies/Humanities
recFbv19754s4sRIK,tutoring,Science
recFmtdixHX2Lgabn,therapy,Occupational
recFmtdixHX2Lgabn,therapy,Dyslexia/Dsygraphia
recFmtdixHX2Lgabn,therapy,Speech
recFwCIqxo7uekGGZ,therapy,Speech
recGI7kyz3GBFaXPb,tutoring,English/Language Arts
recGI7kyz3GBFaXPb,tutoring,Math
recGK84Ao63C1wS2j,therapy,Occupational
recGK84Ao63C1wS2j,therapy,Speech
recGbyv82EJYthehA,therapy,Behavioral
recGbyv82EJYthehA,therapy,Autism Support
recGbyv82EJYthehA,therapy,ADHD/Executive Function
recGf9xExAgrTaqM0,therapy,Behavioral
recGf9xExAgrTaqM0,therapy,ADHD/Executive Function
recGf9xExAgrTaqM0,therapy,Autism Support
recGfiQadJ6KlrPdG,tutoring,Social Studies/Humanities
recGfiQadJ6KlrPdG,tutoring,Science
recGfiQadJ6KlrPdG,tutoring,English/Language Arts
recGfiQadJ6KlrPdG,tutoring,Math
recGfiQadJ6KlrPdG,tutoring,Foreign Language
recH8aAfOcgJjztru,therapy,Physical
recH8aAfOcgJjztru,therapy,Speech
recHOO4YGQLv7hFj3,therapy,Behavioral
recHOO4YGQLv7hFj3,therapy,Autism Support
recHOO4YGQLv7hFj3,therapy,ADHD/Executive Function
recHcLJisnmu23pJg,therapy,Speech
recHjMZnXVb0FJ5TY,therapy,Occupational
recHjMZnXVb0FJ5TY,therapy,Physical
recHjMZnXVb0FJ5TY,therapy,Speech
recI20jHdWML9nAGk,tutoring,Math
recI5QNIMzimDKwTR,therapy,ADHD/Executive Function
recI5QNIMzimDKwTR,therapy,Other Therapy
recI5lUp7fT8qWCK9,tutoring,Math
recIAWRX96KVcnUlA,therapy,Occupational
recIAWRX96KVcnUlA,therapy,Physical
recIAWRX96KVcnUlA,therapy,Speech
recID7gIrVqYAjdCm,therapy,Occupational
recID7gIrVqYAjdCm,therapy,Speech
recIEUFKEKAYjxSKv,tutoring,English/Language Arts
recIEUFKEKAYjxSKv,tutoring,Math
recIEUFKEKAYjxSKv,tutoring,Neurodivergent-Focused
recIFA8qN4GZAESg3,tutoring,Math
recIFA8qN4GZAESg3,tutoring,English/Language Arts
recIFA8qN4GZAESg3,tutoring,Social Studies/Humanities
recIFA8qN4GZAESg3,tutoring,Science
recILdb7TTKYsXqE5,tutoring,Math
recILdb7TTKYsXqE5,tutoring,English/Language Arts
recIVPe3iBMIMH4P7,tutoring,English/Language Arts
recIgin7OxjuAErpw,tutoring,Math
recIgin7OxjuAErpw,tutoring,English/Language Arts
recIgin7OxjuAErpw,tutoring,Social Studies/Humanities
recIgin7OxjuAErpw,tutoring,Science
recIk06LVxVSStUg3,enrichment,Science & STEM
recIk06LVxVSStUg3,enrichment,Life Skills & Career Prep
recIk06LVxVSStUg3,enrichment,Coding
recIk06LVxVSStUg3,enrichment,Technology
recIk06LVxVSStUg3,classes,Foreign Language
recIk06LVxVSStUg3,classes,Social Studies
recIk06LVxVSStUg3,classes,English/Language Arts
recIk06LVxVSStUg3,classes,Science
recIk06LVxVSStUg3,classes,Math
recIpwnHjBy5Jipqd,therapy,Occupational
recIpwnHjBy5Jipqd,therapy,Dyslexia/Dsygraphia
recIpwnHjBy5Jipqd,therapy,Speech
recJ6p8fjxRFGEKal,tutoring,English/Language Arts
recJ6p8fjxRFGEKal,tutoring,Science
recJ6p8fjxRFGEKal,tutoring,Math
recJBJkV8eO3jkNi7,tutoring,English/Language Arts
recJBJkV8eO3jkNi7,tutoring,Math
recJBJkV8eO3jkNi7,tutoring,Neurodivergent-Focused
recJfQnxrkYE8wZMA,tutoring,Math
recJfQnxrkYE8wZMA,tutoring,English/Language Arts
recJfQnxrkYE8wZMA,tutoring,Science
recJi2LKNNMCpUNLE,classes,English/Language Arts
recJi2LKNNMCpUNLE,classes,Math
recJoj6zHtOBEncyl,tutoring,English/Language Arts
recJoj6zHtOBEncyl,tutoring,Math
recJt0RyvIHrCiIaT,therapy,Behavioral
recKCfrYzyihV8B0m,therapy,Speech
recKMyOma4gHjjB0x,therapy,Occupational
recKMyOma4gHjjB0x,therapy,Physical
recKMyOma4gHjjB0x,therapy,Behavioral
recKMyOma4gHjjB0x,therapy,Speech
recKN4dJqqi26qyTr,enrichment,Life Skills & Career Prep
recKN4dJqqi26qyTr,enrichment,Neurodivergent-Focused
recKN4dJqqi26qyTr,tutoring,Neurodivergent-Focused
recKN4dJqqi26qyTr,tutoring,English/Language Arts
recKYbQyzrzCFXTGR,tutoring,Math
recKYbQyzrzCFXTGR,tutoring,English/Language Arts
recKo4CR4Eabh9vPh,therapy,Dyslexia/Dsygraphia
recKo4CR4Eabh9vPh,tutoring,English/Language Arts
recL0Z3STunnZgx9H,curriculum,Neurodivergent-Focused
recLPnWuWq6pjUfRE,therapy,Behavioral
recLPnWuWq6pjUfRE,therapy,Speech
recLoGlRJWnakhCMz,tutoring,English/Language Arts
recLoGlRJWnakhCMz,tutoring,Math
recLtpjimgbVwRqms,classes,Montessori
recLtpjimgbVwRqms,classes,English/Language Arts
recLtpjimgbVwRqms,classes,Math
recLtpjimgbVwRqms,classes,Science
recLunUT1SW5cUGyG,therapy,Dyslexia/Dsygraphia
recLvpIWGUjwNX4sR,tutoring,Science
recLvpIWGUjwNX4sR,tutoring,Social Studies/Humanities
recLvpIWGUjwNX4sR,tutoring,Math
recLvpIWGUjwNX4sR,tutoring,English/Language Arts
recM2HJMDYa0VkqPC,tutoring,Math
recM2HJMDYa0VkqPC,tutoring,English/Language Arts
recM2HJMDYa0VkqPC,tutoring,Science
recMGc8NOtHiaKEG2,therapy,Music
recMOD4NPb0rvNuUP,tutoring,Math
recMOD4NPb0rvNuUP,tutoring,English/Language Arts
recMQ3WciWPTGvGgk,enrichment,Kits & Subscriptions
recMQ3WciWPTGvGgk,enrichment,Science & STEM
recMR72sVh9eePZCz,enrichment,Art
recMR72sVh9eePZCz,enrichment,Kits & Subscriptions
recMR72sVh9eePZCz,supplies,Art Supplies
recMRoYZymBRnCX8q,therapy,Behavioral
recMRoYZymBRnCX8q,therapy,Autism Support
recMRoYZymBRnCX8q,therapy,ADHD/Executive Function
recMZT85sjr0HE8yp,tutoring,Math
recMZT85sjr0HE8yp,tutoring,English/Language Arts
recMZT85sjr0HE8yp,tutoring,Social Studies/Humanities
recMZT85sjr0HE8yp,tutoring,Science
recMmfSuoJyfTqLTQ,classes,Math
recMmfSuoJyfTqLTQ,classes,English/Language Arts
recMmfSuoJyfTqLTQ,tutoring,Math
recMmfSuoJyfTqLTQ,tutoring,English/Language Arts
recN3eMHt6Dz1Xjlj,therapy,Behavioral
recNlPq9Awi8xCu04,therapy,Behavioral
recNspqnhAMrCcZsV,therapy,Physical
recNwWKHYZ71VJlrI,therapy,Dyslexia/Dsygraphia
recNwWKHYZ71VJlrI,therapy,Vision
recNwWKHYZ71VJlrI,therapy,Occupational
recNwWKHYZ71VJlrI,therapy,ADHD/Executive Function
recNwWKHYZ71VJlrI,therapy,Autism Support
recNxoH37SJPU34f5,tutoring,Math
recNxoH37SJPU34f5,tutoring,English/Language Arts
recNxoH37SJPU34f5,tutoring,Social Studies/Humanities
recOAQMCq7kYoGDwH,therapy,Behavioral
recODzmIvz2AhCSBi,enrichment,Science & STEM
recODzmIvz2AhCSBi,curriculum,Science
recOM9QxSTAdnCLBa,therapy,Behavioral
recOTIaNS5HEziGSU,therapy,Behavioral
recOuNBWteWcfsP8E,supplies,Educational App
recOuNBWteWcfsP8E,curriculum,Educational Software
recP6ATiseKg8wgzq,tutoring,English/Language Arts
recP6ATiseKg8wgzq,tutoring,Foreign Language
recP6ATiseKg8wgzq,tutoring,Social Studies/Humanities
recP6ATiseKg8wgzq,tutoring,Science
recP6ATiseKg8wgzq,tutoring,Math
recPEOS5Xm2xoycmQ,tutoring,English/Language Arts
recPMATkzXnA3ottV,tutoring,Math
recPQXZB1dBDkmiW8,therapy,Behavioral
recPXatUa6vnxx6N1,therapy,Behavioral
recPq6NOjL8vaYhqR,tutoring,Social Studies/Humanities
recPq6NOjL8vaYhqR,tutoring,Science
recPq6NOjL8vaYhqR,tutoring,English/Language Arts
recPq6NOjL8vaYhqR,tutoring,Math
recPq6NOjL8vaYhqR,tutoring,Foreign Language
recQ1pPtslqumQyyR,tutoring,Math
recQ1pPtslqumQyyR,tutoring,English/Language Arts
recQ8g5W5sMKlxhPg,therapy,Occupational
recQBqFBuAsfbfweN,therapy,Dyslexia/Dsygraphia
recQEky74kAr87doq,therapy,Speech
recQbZ5YJybF979JW,therapy,Occupational
recQbZ5YJybF979JW,therapy,Behavioral
recQbZ5YJybF979JW,therapy,Speech
recQhv48UOnA6KYrm,therapy,Autism Support
recQhv48UOnA6KYrm,therapy,ADHD/Executive Function
recQpdRMafSAnZMBV,therapy,Behavioral
recQuFihE4p5FQ04E,tutoring,Math
recQuFihE4p5FQ04E,tutoring,English/Language Arts
recQzWJlC3mnMeCk4,curriculum,Books & Workbooks
recRBxaMuW0VkYcdC,therapy,Speech
recRFo9QFZbeceuEq,therapy,Dyslexia/Dsygraphia
recRTZICVpoBIK6rA,tutoring,Social Studies/Humanities
recRTZICVpoBIK6rA,tutoring,Science
recRTZICVpoBIK6rA,tutoring,English/Language Arts
recRTZICVpoBIK6rA,tutoring,Math
recRTZICVpoBIK6rA,tutoring,Foreign Language
recRa4Zi4DtAM31rQ,therapy,Behavioral
recRa4Zi4DtAM31rQ,therapy,Autism Support
recRa4Zi4DtAM31rQ,therapy,ADHD/Executive Function
recRbDmT43Bbod4OB,enrichment,Life Skills & Career Prep
recRbDmT43Bbod4OB,therapy,Other Therapy
recRfzaqLXRmNTFMV,tutoring,English/Language Arts
recRfzaqLXRmNTFMV,tutoring,Math
recRfzaqLXRmNTFMV,tutoring,Neurodivergent-Focused
recRyLqxAnp98rId0,therapy,Dyslexia/Dsygraphia
recRyLqxAnp98rId0,tutoring,Math
recRyLqxAnp98rId0,tutoring,English/Language Arts
recS33R9sYm5p4CFL,tutoring,Math
recS33R9sYm5p4CFL,tutoring,English/Language Arts
recS33R9sYm5p4CFL,tutoring,Social Studies/Humanities
recS3ndWDLuZjrwzq,therapy,Occupational
recS3ndWDLuZjrwzq,therapy,Physical
recS3ndWDLuZjrwzq,therapy,Speech
recSLLRz79K0fuWPY,therapy,Speech
recSLLRz79K0fuWPY,therapy,ADHD/Executive Function
recSLaY7DmmsDIH7o,tutoring,Social Studies/Humanities
recSLaY7DmmsDIH7o,tutoring,Science
recSLaY7DmmsDIH7o,tutoring,English/Language Arts
recSLaY7DmmsDIH7o,tutoring,Math
recSLaY7DmmsDIH7o,tutoring,Foreign Language
recScL7hqluyWDiQQ,therapy,Occupational
recScL7hqluyWDiQQ,therapy,Behavioral
recScVBMTpc9o0TXo,enrichment,Art
recScVBMTpc9o0TXo,enrichment,Kits & Subscriptions
recScVBMTpc9o0TXo,curriculum,Self-Paced Courses
recScVBMTpc9o0TXo,curriculum,Arts
recSj6Imw4WpMAv8D,therapy,Physical
recSq63wvpIeZUwH4,therapy,Behavioral
recSq63wvpIeZUwH4,therapy,Autism Support
recSq63wvpIeZUwH4,therapy,ADHD/Executive Function
recSr65tgSnUSrGgG,tutoring,Math
recSr65tgSnUSrGgG,tutoring,English/Language Arts
recSr65tgSnUSrGgG,tutoring,Science
recSxnKMrKk8oCt37,tutoring,Math
recSxnKMrKk8oCt37,tutoring,English/Language Arts
recSz6wFcQbTmLvLp,enrichment,Outdoor & Adventure
recSz6wFcQbTmLvLp,enrichment,Neurodivergent-Focused
recSz6wFcQbTmLvLp,tutoring,Neurodivergent-Focused
recT1q4WF8dnbKHaP,therapy,Occupational
recT2BNLw12eFRu8e,tutoring,Math
recT2BNLw12eFRu8e,tutoring,English/Language Arts
recTKHnN5x12qMRYa,therapy,Behavioral
recTKHnN5x12qMRYa,therapy,Autism Support
recTKHnN5x12qMRYa,therapy,ADHD/Executive Function
recTQjp0O5UT73xYs,therapy,Occupational
recTQjp0O5UT73xYs,therapy,Speech
recTQp2tAJ4RS9brr,tutoring,English/Language Arts
recTYc3XZCSljXpDy,tutoring,Math
recTYc3XZCSljXpDy,tutoring,English/Language Arts
recTameYCSCdKup8c,therapy,Speech
recTq7a9tA0MggUEq,tutoring,English/Language Arts
recTq7a9tA0MggUEq,tutoring,Math
recTrXOvnVb9wYG8y,therapy,Behavioral
recTrXOvnVb9wYG8y,therapy,Autism Support
recTrXOvnVb9wYG8y,therapy,Speech
recTrXOvnVb9wYG8y,therapy,Occupational
recU5WyahlZzFvGnI,therapy,Speech
recUA0y2nGWfajf6q,enrichment,Life Skills & Career Prep
recUENzyM0YSPJyOu,therapy,Speech
recUTdeWBfAFewdaN,tutoring,Neurodivergent-Focused
recUTdeWBfAFewdaN,tutoring,Math
recUTdeWBfAFewdaN,tutoring,English/Language Arts
recUTdeWBfAFewdaN,tutoring,Science
recUZThNJW45YheL0,tutoring,Math
recUagVFk0S10CFvN,tutoring,Math
recUruej9GpQNGGy3,enrichment,Fitness
recV2wWciIdcRA9aD,therapy,Occupational
recV2wWciIdcRA9aD,therapy,Speech
recV7n3B3a73oVTPy,tutoring,English/Language Arts
recV7n3B3a73oVTPy,tutoring,Science
recVDs9zWtGlNGwKj,enrichment,Swim
recVDs9zWtGlNGwKj,enrichment,Neurodivergent-Focused
recVHGcwmTkrTSgbl,curriculum,Books & Workbooks
recVKLCV2abvVNeYJ,tutoring,Math
recVKLCV2abvVNeYJ,tutoring,English/Language Arts
recVKLCV2abvVNeYJ,tutoring,Social Studies/Humanities
recVKLCV2abvVNeYJ,tutoring,Science
recVWL98buSNd0tuh,tutoring,Math
recVWL98buSNd0tuh,tutoring,English/Language Arts
recVWL98buSNd0tuh,tutoring,Social Studies/Humanities
recVWL98buSNd0tuh,tutoring,Science
recVnQxMZI3DlSBcY,therapy,Behavioral
recVuLaoDmafDs2rD,tutoring,English/Language Arts
recVuLaoDmafDs2rD,tutoring,Foreign Language
recVuLaoDmafDs2rD,tutoring,Neurodivergent-Focused
recVuLaoDmafDs2rD,tutoring,Social Studies/Humanities
recVuLaoDmafDs2rD,tutoring,Science
recVuLaoDmafDs2rD,tutoring,Math
recW3H1otqn24OHCY,enrichment,Music
recW6pB3vAkYpXwK6,therapy,Behavioral
recWBv76cqmIYI2mB,therapy,Occupational
recWBv76cqmIYI2mB,therapy,Speech
recWCHK63AjUgFuGs,therapy,Physical
recWFJTr71SOg050L,therapy,Occupational
recWFJTr71SOg050L,therapy,Physical
recWFJTr71SOg050L,therapy,Speech
recWS8TqMWR0IsBiq,therapy,Behavioral
recWeNLBnhrCx13M0,tutoring,Math
recWqH4niiKfgjlpg,tutoring,Math
recWuPKfF8OeyZIjV,therapy,Behavioral
recX88v9dajrSWwcB,therapy,Dyslexia/Dsygraphia
recXFLTk7X0Kn1aMt,therapy,Occupational
recXFLTk7X0Kn1aMt,therapy,Speech
recXL90cXKowEqsaq,tutoring,Math
recXL90cXKowEqsaq,tutoring,English/Language Arts
recXTmQup95a9B9o1,tutoring,Math
recXVnbSNZ0Wz3MsX,therapy,Autism Support
recXVnbSNZ0Wz3MsX,therapy,Occupational
recXVnbSNZ0Wz3MsX,therapy,Other Therapy
recXVnbSNZ0Wz3MsX,therapy,Speech
recXdMTi0htBA4HNR,therapy,Speech
recXdOe3ZtcHnWGWt,tutoring,Math
recXdOe3ZtcHnWGWt,tutoring,English/Language Arts
recXdOe3ZtcHnWGWt,tutoring,Social Studies/Humanities
recXdOe3ZtcHnWGWt,tutoring,Science
recXuJDAxOUpn2LuJ,tutoring,Math
recXuJDAxOUpn2LuJ,tutoring,English/Language Arts
recXuJDAxOUpn2LuJ,tutoring,Foreign Language
recY5xb2gjMKpseN6,tutoring,Math
recY5xb2gjMKpseN6,tutoring,English/Language Arts
recYC86hiDsFs8L6f,enrichment,Coding
recYMPm2W511upKw2,tutoring,Foreign Language
recYMPm2W511upKw2,tutoring,Math
recYMPm2W511upKw2,tutoring,English/Language Arts
recYflRCml6P3CkOi,enrichment,Swim
recYzh4ZccN5fqt7Z,tutoring,Math
recYzh4ZccN5fqt7Z,tutoring,English/Language Arts
recZ7qCLCexki5asi,tutoring,Math
recZ7qCLCexki5asi,tutoring,Science
recZHNvHrTRDEPnMe,therapy,Occupational
recZHNvHrTRDEPnMe,therapy,Speech
recZMoOmrwoat295f,therapy,Speech
recZiScpVaomrIDZt,classes,Math
recZqmUcPVrt7wLSc,tutoring,English/Language Arts
recaBp7KA5E9jbSpE,therapy,Speech
recaEt7hxilCTgOns,therapy,Dyslexia/Dsygraphia
recaFysJHeIPYZays,therapy,Behavioral
recaKpxxffRbaFfXp,enrichment,Sports & PE
recaKpxxffRbaFfXp,enrichment,Fitness
recaKpxxffRbaFfXp,enrichment,Neurodivergent-Focused
recaKpxxffRbaFfXp,therapy,Occupational
recaOnRYbIIRGNjdn,enrichment,Kits & Subscriptions
recaOnRYbIIRGNjdn,enrichment,Science & STEM
recaOnRYbIIRGNjdn,supplies,Science Supplies
recalPCog8xmdH0To,therapy,Occupational
recalPCog8xmdH0To,therapy,Behavioral
recalPCog8xmdH0To,therapy,Speech
recaojGdzEwbbkYTI,therapy,Speech
recaovvBPorf5Z0qC,enrichment,Neurodivergent-Focused
recaovvBPorf5Z0qC,therapy,Occupational
recaovvBPorf5Z0qC,therapy,Behavioral
recaqrJPF5eCsPRaG,tutoring,Social Studies/Humanities
recaqrJPF5eCsPRaG,tutoring,Science
recaqrJPF5eCsPRaG,tutoring,English/Language Arts
recaqrJPF5eCsPRaG,tutoring,Math
recaqrJPF5eCsPRaG,tutoring,Foreign Language
recaqvPg6I9cA8eZF,enrichment,Neurodivergent-Focused
recas5lYY8WrRIyS2,tutoring,Neurodivergent-Focused
recb7RgynQncXqOoc,therapy,Occupational
recbDsRPIm7ViemFW,curriculum,English/Language Arts
recbSGfTgkA2oDgUg,tutoring,Social Studies/Humanities
recbSGfTgkA2oDgUg,tutoring,Science
recbSGfTgkA2oDgUg,tutoring,English/Language Arts
recbSGfTgkA2oDgUg,tutoring,Math
recbSGfTgkA2oDgUg,tutoring,Foreign Language
recbWTIIWOrA4WTID,tutoring,English/Language Arts
recbxivyXSMPvcRzX,curriculum,English/Language Arts
recbxivyXSMPvcRzX,classes,Math
recbxivyXSMPvcRzX,classes,Foreign Language
recbxivyXSMPvcRzX,classes,English/Language Arts
recbxivyXSMPvcRzX,classes,Science
recbyRvEkrZPLoERc,therapy,Speech
reccNOPaHYvFun3P4,therapy,Occupational
reccNOPaHYvFun3P4,therapy,Dyslexia/Dsygraphia
reccNOPaHYvFun3P4,therapy,Speech
reccNOPaHYvFun3P4,tutoring,Neurodivergent-Focused
reccaPxNT2D3m85CI,therapy,Behavioral
recd504EGjjugDMHZ,enrichment,Coding
recd504EGjjugDMHZ,curriculum,English/Language Arts
recd504EGjjugDMHZ,classes,Foreign Language
recd504EGjjugDMHZ,classes,Science
recd504EGjjugDMHZ,classes,Math
recd504EGjjugDMHZ,classes,English/Language Arts
recd504EGjjugDMHZ,classes,Social Studies
recd504EGjjugDMHZ,tutoring,English/Language Arts
recd504EGjjugDMHZ,tutoring,Foreign Language
recd504EGjjugDMHZ,tutoring,Social Studies/Humanities
recd504EGjjugDMHZ,tutoring,Science
recd504EGjjugDMHZ,tutoring,Math
recdCamVct5QzGcNC,therapy,Behavioral
receFxOcjRUIsRorb,enrichment,Theater
receFxOcjRUIsRorb,enrichment,Music
receFxOcjRUIsRorb,enrichment,Art
receLD3JUi0d7CmPo,therapy,Physical
receLD3JUi0d7CmPo,therapy,Dyslexia/Dsygraphia
receLD3JUi0d7CmPo,therapy,Speech
receLD3JUi0d7CmPo,therapy,Behavioral
receLD3JUi0d7CmPo,therapy,Occupational
recei16gKbKk1zgVt,tutoring,Social Studies/Humanities
recei16gKbKk1zgVt,tutoring,Science
recei16gKbKk1zgVt,tutoring,English/Language Arts
recei16gKbKk1zgVt,tutoring,Math
recei16gKbKk1zgVt,tutoring,Foreign Language
recewTHXrJoDMc3xt,therapy,Dyslexia/Dsygraphia
recewd6m7kaSaIuBW,tutoring,Math
recfZOxFT4C78ltHS,therapy,Speech
recfk9kYrE0myFXB0,therapy,Dyslexia/Dsygraphia
recfx3BcuwQDFXPlT,tutoring,Math
recfx3BcuwQDFXPlT,tutoring,English/Language Arts
recg3p95P9sMYDzWj,therapy,Speech
recgJAbVDz4XBhbO0,tutoring,Neurodivergent-Focused
recgJAbVDz4XBhbO0,tutoring,English/Language Arts
recgKGhfgmoYEKwi5,curriculum,Self-Paced Courses
recgU8O3I3qGiKbUA,tutoring,Math
recgU8O3I3qGiKbUA,tutoring,English/Language Arts
recgUeQiM1OEiMYLI,curriculum,Self-Paced Courses
recgdi6FIMLW2W05k,tutoring,Math
recgdi6FIMLW2W05k,tutoring,English/Language Arts
recgkY3djbXcmOqhF,therapy,Speech
rech0By7kHjbDSXfl,tutoring,English/Language Arts
rech0By7kHjbDSXfl,tutoring,Math
rechOXqfNCEpNK3EO,therapy,Occupational
rechOXqfNCEpNK3EO,therapy,Speech
reche7NjUvommDEba,therapy,Behavioral
reci8wsGdohESN5jF,therapy,Behavioral
reciFt4cDbTLe1HNh,tutoring,Neurodivergent-Focused
reciFt4cDbTLe1HNh,tutoring,Social Studies/Humanities
reciFt4cDbTLe1HNh,tutoring,Science
reciFt4cDbTLe1HNh,tutoring,English/Language Arts
reciFt4cDbTLe1HNh,tutoring,Math
reciFt4cDbTLe1HNh,tutoring,Foreign Language
reciGARTByuO2gb0J,tutoring,Math
reciGARTByuO2gb0J,tutoring,English/Language Arts
reciMFaWHnnVCHqQy,therapy,Dyslexia/Dsygraphia
reciaFlwbOXcg4hHK,enrichment,Kits & Subscriptions
reciaFlwbOXcg4hHK,enrichment,Art
reciaFlwbOXcg4hHK,curriculum,Books & Workbooks
reciaFlwbOXcg4hHK,curriculum,Arts
recih2zea01uCBk4O,therapy,Occupational
recih2zea01uCBk4O,therapy,Speech
reciycq4wR67ZGEt4,curriculum,Books & Workbooks
reciycq4wR67ZGEt4,curriculum,English/Language Arts
reciydPXMzPDy6kB2,therapy,Autism Support
reciydPXMzPDy6kB2,curriculum,Neurodivergent-Focused
recjJYal4kYtf0vgu,therapy,Behavioral
recjJYal4kYtf0vgu,therapy,Autism Support
recjJYal4kYtf0vgu,therapy,ADHD/Executive Function
recjPdA1ywlIkR4NS,therapy,Occupational
recjPdA1ywlIkR4NS,therapy,Physical
recjXaBOiVfjdfkjO,curriculum,Social Studies
recjYBUITx0Cqk6KF,therapy,Behavioral
recjbIMU7MO98PwBV,therapy,Dyslexia/Dsygraphia
recjfk7Xc7CzIpvbj,tutoring,Math
recjfk7Xc7CzIpvbj,tutoring,English/Language Arts
reckR8KrJH4FkCRfW,curriculum,English/Language Arts
reckeCDccUNLKJvCn,therapy,Speech
recktsKUDlH6VtQum,tutoring,Math
recktsKUDlH6VtQum,tutoring,English/Language Arts
reckxiEDnL9SuBGcO,therapy,Occupational
reckxiEDnL9SuBGcO,therapy,Behavioral
reckxiEDnL9SuBGcO,therapy,Speech
reckzelgnF8z8Zgl3,enrichment,Science & STEM
reckzelgnF8z8Zgl3,enrichment,Kits & Subscriptions
reckzelgnF8z8Zgl3,supplies,Science Supplies
recldw9zA02iUHFbT,therapy,Occupational
recldw9zA02iUHFbT,therapy,Speech
reclhVTaSlkbFRqyF,therapy,Occupational
reclhVTaSlkbFRqyF,therapy,Physical
reclsIZeB157l9O1K,tutoring,Math
reclsIZeB157l9O1K,tutoring,English/Language Arts
recm1o0SiL2cy0hUQ,tutoring,Math
recm1o0SiL2cy0hUQ,tutoring,English/Language Arts
recmEdM6LxRmmhaaW,therapy,Dyslexia/Dsygraphia
recmIsr4d713Texju,tutoring,Math
recmPfpi8CsHWXNBf,tutoring,Math
recmyBoLRJbeQiChg,tutoring,Math
recmyT5Ug8G2EZuvV,enrichment,Neurodivergent-Focused
recnBLE3319RFTuol,therapy,Physical
recnSZ9JSWMcQIsva,tutoring,Math
recnSZ9JSWMcQIsva,tutoring,English/Language Arts
recnSZ9JSWMcQIsva,tutoring,Social Studies/Humanities
recnSZ9JSWMcQIsva,tutoring,Neurodivergent-Focused
recnTjCpad9R9E9MG,enrichment,Outdoor & Adventure
recnWx9pC9lYmS6Xi,curriculum,Neurodivergent-Focused
recnWx9pC9lYmS6Xi,curriculum,English/Language Arts
recnWx9pC9lYmS6Xi,tutoring,Neurodivergent-Focused
recnWx9pC9lYmS6Xi,tutoring,Social Studies/Humanities
recnWx9pC9lYmS6Xi,tutoring,Science
recnWx9pC9lYmS6Xi,tutoring,English/Language Arts
recnWx9pC9lYmS6Xi,tutoring,Math
recnWx9pC9lYmS6Xi,tutoring,Foreign Language
recnbSmLLwflresFY,tutoring,Social Studies/Humanities
recnbSmLLwflresFY,tutoring,English/Language Arts
recnbSmLLwflresFY,tutoring,Math
recnbSmLLwflresFY,tutoring,Foreign Language
recnhB1mRCdv2h7n1,tutoring,Math
recnhB1mRCdv2h7n1,tutoring,English/Language Arts
recnmLgdH8GtwNL38,tutoring,Social Studies/Humanities
recnmLgdH8GtwNL38,tutoring,Science
recnmLgdH8GtwNL38,tutoring,English/Language Arts
recnmLgdH8GtwNL38,tutoring,Math
recnmLgdH8GtwNL38,tutoring,Foreign Language
recnqdn39SDvB9h1q,enrichment,Swim
recnqdn39SDvB9h1q,enrichment,Sports & PE
recnqdn39SDvB9h1q,enrichment,Coding
recnqdn39SDvB9h1q,enrichment,Neurodivergent-Focused
recnqdn39SDvB9h1q,enrichment,Fitness
recnqdn39SDvB9h1q,therapy,Physical
recnqdn39SDvB9h1q,therapy,Occupational
recnwsBdEy3Za75vf,tutoring,Neurodivergent-Focused
recnwsBdEy3Za75vf,tutoring,Science
recnwsBdEy3Za75vf,tutoring,Math
reco661HuRIRR2RYh,tutoring,Social Studies/Humanities
reco661HuRIRR2RYh,tutoring,Science
reco661HuRIRR2RYh,tutoring,English/Language Arts
reco661HuRIRR2RYh,tutoring,Math
reco661HuRIRR2RYh,tutoring,Foreign Language
recoHZUoveQkwnErU,therapy,Occupational
recoHZUoveQkwnErU,therapy,Speech
recoYHffG0rdebREM,therapy,Speech
recogMilYeR2oB2RD,tutoring,Math
recogMilYeR2oB2RD,tutoring,English/Language Arts
recogMilYeR2oB2RD,tutoring,Social Studies/Humanities
recogMilYeR2oB2RD,tutoring,Science
recoxOwaFo9y7S3gC,therapy,Behavioral
recpRpRRdjb4EypNU,enrichment,Neurodivergent-Focused
recpVFlFnZMgpRrb1,enrichment,Neurodivergent-Focused
recpVFlFnZMgpRrb1,tutoring,Neurodivergent-Focused
recpgBwvcslruHs8m,tutoring,English/Language Arts
recpgBwvcslruHs8m,tutoring,Math
recpgBwvcslruHs8m,tutoring,Science
recpgBwvcslruHs8m,tutoring,Foreign Language
recpx4JR4dIixJsqj,tutoring,Neurodivergent-Focused
recpx4JR4dIixJsqj,tutoring,English/Language Arts
recqYN7NwZW2nO5QF,therapy,Behavioral
recqaeO3UseAykj8O,curriculum,Educational Software
recqaeO3UseAykj8O,curriculum,English/Language Arts
recqaeO3UseAykj8O,curriculum,Phonics
recqqeX3oydvy6Ut1,classes,English/Language Arts
recqqeX3oydvy6Ut1,classes,Math
recqqeX3oydvy6Ut1,tutoring,Math
recqqeX3oydvy6Ut1,tutoring,English/Language Arts
recr6jGqIPfYCCgCM,therapy,Speech
recr6jGqIPfYCCgCM,therapy,Physical
recr6jGqIPfYCCgCM,therapy,Occupational
recrVQ9BOwKOJ40tU,tutoring,English/Language Arts
recrVQ9BOwKOJ40tU,tutoring,Math
recrhYMdfX8j0ybVa,therapy,Behavioral
recriSDoBDg9Iktrg,enrichment,Life Skills & Career Prep
recrjt2AmcacPuoXg,therapy,Dyslexia/Dsygraphia
recrl6vQ4efgqI9b0,therapy,Dyslexia/Dsygraphia
recrl6vQ4efgqI9b0,therapy,Speech
recrlh5kRgiZHWfXT,therapy,Dyslexia/Dsygraphia
recrvFqXlHsZN2GxV,tutoring,Neurodivergent-Focused
recrvFqXlHsZN2GxV,tutoring,Math
recrvFqXlHsZN2GxV,tutoring,English/Language Arts
recs1xbX3kAeGBoKI,supplies,Science Supplies
recs1xbX3kAeGBoKI,supplies,Technology
recs1xbX3kAeGBoKI,supplies,Art Supplies
recsSnCgRxQ99xHb0,tutoring,Neurodivergent-Focused
recsSnCgRxQ99xHb0,tutoring,Math
recsSnCgRxQ99xHb0,tutoring,English/Language Arts
recsSnCgRxQ99xHb0,tutoring,Science
recsT5RGuXGnqhlFv,tutoring,English/Language Arts
recsT5RGuXGnqhlFv,tutoring,Math
recsWqJQrKa4RHGfD,tutoring,Math
recsWqJQrKa4RHGfD,tutoring,English/Language Arts
recsdsAFeybA6EVnW,tutoring,Math
recsdsAFeybA6EVnW,tutoring,English/Language Arts
recsjdV63lupx1T18,curriculum,Self-Paced Courses
recspggXNJV48mueo,tutoring,English/Language Arts
recspggXNJV48mueo,tutoring,Neurodivergent-Focused
recspggXNJV48mueo,tutoring,Social Studies/Humanities
recspggXNJV48mueo,tutoring,Science
recspggXNJV48mueo,tutoring,Math
recssZau7PITXULqT,enrichment,Kits & Subscriptions
recssZau7PITXULqT,enrichment,Technology
recssZau7PITXULqT,enrichment,Science & STEM
recssZau7PITXULqT,supplies,School Supplies
recssZau7PITXULqT,supplies,Technology
recssZau7PITXULqT,curriculum,Books & Workbooks
rect1D9UZ0EUV27nT,curriculum,Neurodivergent-Focused
rect6zRVqmOQpCcCO,therapy,Dyslexia/Dsygraphia
rect6zRVqmOQpCcCO,tutoring,English/Language Arts
rectJn34BSs02fNKB,therapy,Behavioral
recu58G5vHWG8oUh9,therapy,Dyslexia/Dsygraphia
recu58G5vHWG8oUh9,therapy,ADHD/Executive Function
recu58G5vHWG8oUh9,therapy,Other Therapy
recu58G5vHWG8oUh9,tutoring,English/Language Arts
recu58G5vHWG8oUh9,tutoring,Math
recuVoHd0FnXOatES,enrichment,Fitness
recuVoHd0FnXOatES,curriculum,Phonics
recuVoHd0FnXOatES,curriculum,Online Learning Platform
recuVoHd0FnXOatES,curriculum,Educational Software
recuVoHd0FnXOatES,curriculum,Science
recuVoHd0FnXOatES,curriculum,English/Language Arts
recuVoHd0FnXOatES,classes,Math
recuVoHd0FnXOatES,classes,English/Language Arts
recuVoHd0FnXOatES,classes,Science
recuhk7NRUK7cpOtK,therapy,Dyslexia/Dsygraphia
recv13FL7lydIEeu6,therapy,Speech
recvijDcLhscl8trj,therapy,Behavioral
recvijDcLhscl8trj,therapy,Autism Support
recvijDcLhscl8trj,therapy,ADHD/Executive Function
recvlCg6OA1eVanzL,therapy,Occupational
recvlCg6OA1eVanzL,therapy,Physical
recvlCg6OA1eVanzL,therapy,Speech
recvq5e2H1ZWBR3qz,enrichment,Kits & Subscriptions
recvq5e2H1ZWBR3qz,enrichment,Science & STEM
recvq5e2H1ZWBR3qz,enrichment,Technology
recvq5e2H1ZWBR3qz,curriculum,Science
recwCq0zBE7595SUb,therapy,Occupational
recwCq0zBE7595SUb,therapy,Speech
recwG8LdsAHCSKkFO,supplies,Educational App
recwKCxgyKgtbTfFB,therapy,Behavioral
recwQfbiuSh3clOkf,tutoring,Science
recwQfbiuSh3clOkf,tutoring,English/Language Arts
recwgyVHJoZDWf3Kz,tutoring,Social Studies/Humanities
recwgyVHJoZDWf3Kz,tutoring,Science
recwgyVHJoZDWf3Kz,tutoring,English/Language Arts
recwgyVHJoZDWf3Kz,tutoring,Math
recwgyVHJoZDWf3Kz,tutoring,Foreign Language
recwl3QgSS7z9qKyH,curriculum,Self-Paced Courses
recwl3QgSS7z9qKyH,curriculum,English/Language Arts
recwl3QgSS7z9qKyH,tutoring,English/Language Arts
recwl3QgSS7z9qKyH,tutoring,Math
recwm7NBPAadIjljW,curriculum,English/Language Arts
recwm7NBPAadIjljW,classes,Foreign Language
recwm7NBPAadIjljW,classes,Math
recwm7NBPAadIjljW,classes,Science
recwm7NBPAadIjljW,classes,Social Studies
recwm7NBPAadIjljW,classes,English/Language Arts
recwm7NBPAadIjljW,tutoring,Social Studies/Humanities
recwm7NBPAadIjljW,tutoring,Science
recwm7NBPAadIjljW,tutoring,English/Language Arts
recwm7NBPAadIjljW,tutoring,Math
recwm7NBPAadIjljW,tutoring,Foreign Language
recx3Q008yD2HVsoy,tutoring,Math
recxLBKVtAy7CciIi,therapy,Occupational
recxLBKVtAy7CciIi,therapy,Physical
recxLBKVtAy7CciIi,therapy,Speech
recxR4SCna8ABsU2K,therapy,Dyslexia/Dsygraphia
recxapSyKFDV2Sn0j,tutoring,Foreign Language
recxvqIJ1EnRyrPJb,enrichment,Cooking
recxvqIJ1EnRyrPJb,enrichment,Music
recxvqIJ1EnRyrPJb,enrichment,Life Skills & Career Prep
recxvqIJ1EnRyrPJb,enrichment,Neurodivergent-Focused
recxvqIJ1EnRyrPJb,enrichment,Science & STEM
recxvqIJ1EnRyrPJb,curriculum,Self-Paced Courses
recxvqIJ1EnRyrPJb,curriculum,Neurodivergent-Focused
recxwubwxpnsvjOjj,tutoring,Math
recxwubwxpnsvjOjj,tutoring,English/Language Arts
recyCOYafD70vdgb9,tutoring,Neurodivergent-Focused
recyCOYafD70vdgb9,tutoring,Math
recyCOYafD70vdgb9,tutoring,English/Language Arts
recyJag43CA7RdVOx,therapy,Dyslexia/Dsygraphia
recyJag43CA7RdVOx,classes,English/Language Arts
recyJag43CA7RdVOx,tutoring,English/Language Arts
recyJag43CA7RdVOx,tutoring,Neurodivergent-Focused
recyNSJsk1uWHTjas,therapy,Occupational
recyNSJsk1uWHTjas,therapy,Physical
recyNSJsk1uWHTjas,therapy,Speech
recyQ7PdbzcQSnsge,tutoring,Math
recyV59BDBWMjh7VO,therapy,Occupational
recyV59BDBWMjh7VO,therapy,Behavioral
recyV59BDBWMjh7VO,therapy,Speech
recyXlXEMRddAJTnI,tutoring,Math
recyXlXEMRddAJTnI,tutoring,English/Language Arts
recyXlXEMRddAJTnI,tutoring,Social Studies/Humanities
recyXlXEMRddAJTnI,tutoring,Science
recyebaXJvqdW38OC,therapy,Behavioral
recyh9iOjAwTxWlkS,therapy,Speech
recyikItRbld60R3w,tutoring,Math
recynBRv7C4ugO7lV,tutoring,Math
recypzAvIrMqfAsH5,therapy,Behavioral
recypzAvIrMqfAsH5,therapy,Autism Support
recypzAvIrMqfAsH5,therapy,ADHD/Executive Function
recywUZqux77A34Pl,enrichment,Music
recywUZqux77A34Pl,tutoring,Social Studies/Humanities
recywUZqux77A34Pl,tutoring,Science
recywUZqux77A34Pl,tutoring,English/Language Arts
recywUZqux77A34Pl,tutoring,Math
recywUZqux77A34Pl,tutoring,Foreign Language
recyzVvFEcGWaQ2dT,therapy,Behavioral
recz9NHPcT3RwUl9N,tutoring,Math
reczSGDlIZ212AkbU,tutoring,Social Studies/Humanities
reczSGDlIZ212AkbU,tutoring,Science
reczSGDlIZ212AkbU,tutoring,English/Language Arts
reczSGDlIZ212AkbU,tutoring,Math
reczSGDlIZ212AkbU,tutoring,Foreign Language
reczV35UXGYVcNkcO,therapy,Autism Support
reczhNQ1kmt2Ogw05,tutoring,Math
recziWDFrsBvi3Nw5,tutoring,Neurodivergent-Focused
recziWDFrsBvi3Nw5,tutoring,Math
recziWDFrsBvi3Nw5,tutoring,English/Language Arts
reczoxVYhhU0SNqDC,tutoring,English/Language Arts
reczoxVYhhU0SNqDC,tutoring,Math
reczrUj5uJXx4JJ6S,enrichment,Science & STEM
reczuqR9Tn4qBV5Be,therapy,Occupational
reczuqR9Tn4qBV5Be,therapy,Dyslexia/Dsygraphia
reczuqR9Tn4qBV5Be,therapy,Speech
