vendor_id,name,vendorTypes,city,state,zip
recMQ3WciWPTGvGgk,A Curiosity Box,Enrichment; Curriculum,Van Nuys,CA,91406
reciycq4wR67ZGEt4,"Abc See, Hear, Do",Enrichment; Curriculum,Wexford,PA,15090-9581
recnWx9pC9lYmS6Xi,Air Tutors,Tutoring; Curriculum; Assessments,Stockton,CA,95212
recL0Z3STunnZgx9H,Arithmetype,Curriculum; Supplies,North Oaks,MN,55127
recZiScpVaomrIDZt,Art Of Problem Solving,Classes,San Diego,CA,92128
rec0RW85xJyDv86wr,Class101 Of Fulshear,Tutoring,Boise,ID,83716
reckzelgnF8z8Zgl3,Cooper & Kid,Enrichment; Supplies,Minneapolis,MN,55413
rec7HIArdgibt39wS,Deltamath Solutions,Curriculum; Enrichment,New York,NY,10087
recVHGcwmTkrTSgbl,Feppy,Curriculum,North Miami Beach,FL,33179
recaOnRYbIIRGNjdn,Geokidz,Enrichment; Supplies,Liberty Lake,WA,99019
recjXaBOiVfjdfkjO,History Unboxed,Curriculum; Enrichment,Hume,VA,22639
recQzWJlC3mnMeCk4,Honest History,Curriculum,Inglewood,CA,90304
recMR72sVh9eePZCz,I Create Art,Enrichment; Curriculum; Supplies,Cedarburg,WI,53012
recbxivyXSMPvcRzX,Imagine Learning,Curriculum; Therapy; Classes,Tempe,AZ,85281
recpuBSSo0Y4t0djU,Impact Circle,Curriculum,Sherman Oaks,CA,91403
recssZau7PITXULqT,Impact Learners,Enrichment; Curriculum; Supplies,Mccammon,ID,83250
reczrUj5uJXx4JJ6S,Lingokids,Enrichment,Wilmington,DE,19802
recvq5e2H1ZWBR3qz,Mel Science,Enrichment; Curriculum,Van Nuys,CA,91406
recqaeO3UseAykj8O,Mrs Wordsmith Usa,Curriculum,Portland,OR,97212
recOuNBWteWcfsP8E,Objective Ed,Curriculum; Supplies,Wellington,FL,33414
recIk06LVxVSStUg3,Outschool,Tutoring; Enrichment; Classes,San Francisco,CA,94114
recScVBMTpc9o0TXo,Outside The Box Creation,Enrichment; Curriculum,Forestdale,MA,02644
rec9lGUokcQqVECPb,Purposelycrafted.Co,Supplies,Boise,ID,83709
recuVoHd0FnXOatES,Savvas Learning,Classes; Enrichment; Curriculum,Paramus,NJ,07652
recmyT5Ug8G2EZuvV,Scholar Within,Enrichment,Auburn,CA,95603
recDdjIVTBxn7WgqQ,School Health Coporation,Supplies,Rolling Meadows,IL,60008
reciydPXMzPDy6kB2,Stages Learning,Therapy; Curriculum,Carlsbad,CA,92010
recs1xbX3kAeGBoKI,Stemfinity,Supplies,Boise,ID,83704
reciaFlwbOXcg4hHK,Subscription Box Kids,Enrichment; Curriculum,Forestdale,MA,02644
recBVcb5ngomV3Ktj,Supercharged Science And Math,Enrichment; Curriculum,San Luis Obispo,CA,93401
recgKGhfgmoYEKwi5,Synapse Education Solutions,Curriculum,Provo,UT,84604
recbDsRPIm7ViemFW,The Good And The Beautiful,Curriculum,Lehi,UT,84043
recxvqIJ1EnRyrPJb,The Thinking Tree,Enrichment; Curriculum; Supplies,Greenwood,IN,46143
recBtnrEIxtBx7vmx,Timberdoodle,Enrichment; Curriculum,Shelton,WA,98584-0000
rec6Pjv0Lo5Fz9qSW,Varsity Tutors,Tutoring,Saint Louis,MO,63105
recriSDoBDg9Iktrg,Vaughngage Adult Wellness Center,Therapy; Tutoring; Enrichment,Lanham,MD,20706
recvIP8BALOuPKJBm,Veracity Products,Curriculum,North Wales,PA,19454
