vendor_id,vendor_type
rec02A3QUWtTH4msz,Schools
rec03MGMU2Ggp3mgN,Schools
rec040XwIN6rdU09I,Schools
rec05fCMHCinpVaog,Schools
rec05zYl59hMQkZEF,Schools
rec06uxlPbMdRMohy,Schools
rec08VvPB8VROOQBI,Schools
rec0AcUbQ2KY2FXv6,Tutoring
rec0B7apVyNdg5RW5,Schools
rec0Ih6vIYmAEtNd1,Schools
rec0KOtPRdDMj1vKt,Schools
rec0LBIaWrR9tp3f3,Schools
rec0LFMaeIcVkxL7h,Schools
rec0LP3kPSXc8bvWu,Schools
rec0N5OOsmyfC5WCI,Schools
rec0QpiOMNxuBfxvF,Schools
rec0RW85xJyDv86wr,Tutoring
rec0YoQyX6CEiTuKN,Schools
rec0ZYdzrsI2jMPkv,Schools
rec0b00SnG1QGtTF5,Schools
rec0bKs86ZFJ6q6UD,Schools
rec0fUbjtxKJi9IuF,Schools
rec0fumDhVcXXnHj9,Schools
rec0hanAG3TUNX9s0,Schools
rec0jEmymh16i3Cb2,Schools
rec0kXwBurkouZpKW,Schools
rec0n3cf8UoWiFVyD,Schools
rec0nIfa3Uafcs6A5,Schools
rec0qdzBx3M3n0WXc,Schools
rec0teErbvaQ0loRA,Therapy
rec0uQ1a8LUec3caz,Schools
rec0zNBSPa55fGXr1,Schools
rec0zmu32f2ykhcDY,Schools
rec12SU3KqseTrfNw,Schools
rec12yux4qX7mPRuZ,Schools
rec1AonKqMLanSbDk,Schools
rec1Be84y3bDcOt5m,Tutoring
rec1CHQSxx3sPZWEh,Curriculum
rec1CHQSxx3sPZWEh,Enrichment
rec1Dlv7ui5TeNJN2,Schools
rec1Fl0hiVkbAvR8W,Schools
rec1FuTiDhTtkvSk0,Schools
rec1I8ZBKD800gZEz,Tutoring
rec1IW4n6FgkWsIAV,Enrichment
rec1IpHkzZMSuIIQd,Schools
rec1LWitmFPS5ftuV,Schools
rec1NeREO0KjGb8LY,Schools
rec1SRiAz6HA7yqEe,Therapy
rec1SsbCztougDyH9,Schools
rec1SzAwSbhUXtC5A,Schools
rec1TjUMKEWkSfi0y,Schools
rec1WNQ2GGBwUHgU8,Schools
rec1XaYwfFrQ67COL,Schools
rec1aKBRA1cQsLldd,Schools
rec1aZywCZw9sqnHt,Schools
rec1dhnew0eTKAK66,Schools
rec1efrOXutNX7tcy,Schools
rec1iPvJyzwgDlUqT,Schools
rec1jYWTDTGDUpW5K,Schools
rec1jcdRDUprC5JKV,Schools
rec1k6rtOMGYN6cgR,Schools
rec1kXXvIucG7UkoA,Schools
rec1l2KWKoOYaoY5O,Curriculum
rec1l2KWKoOYaoY5O,Therapy
rec1n9IfovOddH7Vh,Schools
rec1s3wrheI48qqFM,Schools
rec1uf1VOjBVFUfQl,Schools
rec1vqoLFmWFN9nuz,Schools
rec1wRZSLSXxqXwEa,Schools
rec1xyFNED4ZXEum4,Therapy
rec1zQu6tRRiJQPeq,Schools
rec23iOt8uZjwqige,Schools
rec25Uh5SH7jsRRT6,Therapy
rec27J80NJd4GmWBO,Schools
rec2Atg9AQeWSrg4v,Schools
rec2DmSyyCxexs9mE,Schools
rec2F4cZ5d1D5UErB,Schools
rec2IqWRkonWk3nMU,Schools
rec2M8vYbfTEXsRMz,Schools
rec2OE1z3tMNHakmj,Schools
rec2OQ1vUup72e7NU,Schools
rec2TLoFhQdb8CeEF,Schools
rec2UbievNAIL0JLh,Tutoring
rec2bxfahcXxjeAiX,Schools
rec2ckggayWVb6Z3x,Tutoring
rec2csB12H2i2X0gt,Therapy
rec2dFFcylNtNb9io,Schools
rec2iCn5MFHbFp2yU,Schools
rec2jOPUr93U8N0xf,Schools
rec2kD0e2uENWqxAp,Schools
rec2n7lyLfyfRoLZ7,Schools
rec2sLbBzhYiNn67E,Schools
rec2uNiGuKcmCKCeO,Schools
rec2v0xMwbCc5ZzDL,Schools
rec2vLCnw5ZdFQy3k,Schools
rec2x3xToEllwisqH,Therapy
rec2yGjMEVHjpFDSF,Schools
rec2yHlMK0aagIXk1,Schools
rec2zivIrLDvMJRrO,Schools
rec30aCiZvXoFxVH4,Schools
rec31uiSmEUR44687,Schools
rec35jDr4bnMzkFzI,Therapy
rec35jDr4bnMzkFzI,Classes
rec36Dulz3uGhynnH,Schools
rec36gswkz9393REx,Schools
rec3979FLMuIZgeOT,Schools
rec39ZvKfzpamRMsn,Schools
rec39bZ99GWUa9GCl,Schools
rec3CidfjgONQpk1a,Schools
rec3DsHo7uBBcw12R,Schools
rec3GQtaUnoPVf1f5,Schools
rec3GhDapNWwHNt8z,Schools
rec3HcjWV4pNfGrQC,Schools
rec3LREfvn91mEbB1,Schools
rec3MUhW8HtDW9WVj,Schools
rec3Mkt249EXJmJjF,Schools
rec3ONmCIOA21n0J6,Schools
rec3ONxuSLuvBz72F,Schools
rec3QO5qTcHm0JRKp,Schools
rec3VuQcc98V1nr7y,Schools
rec3XLv114esoUaLc,Curriculum
rec3ZwIGqVEedNMwX,Schools
rec3aQtN11neDotWW,Schools
rec3b2wSpaXUi2uxM,Schools
rec3bXbAHP3oVTXDU,Supplies
rec3jZVdxbeKeoB0q,Schools
rec3kbTPUHuK4YLJA,Enrichment
rec3kgDfGHKqthhb5,Schools
rec3mJyBb7EgLXep0,Schools
rec3mse4DVmgWF6Mh,Schools
rec3nebfoqWHkPTtR,Schools
rec3odCobz94ltJNv,Schools
rec3ohjYO06iSc2Ta,Schools
rec3qrmY6jii23yIO,Schools
rec3rHUBjsCVhxZco,Schools
rec3rXHLaIMRJx3gW,Schools
rec3rZa2fmNfvRzWX,Schools
rec3tCZbGMULgHlNe,Schools
rec3tUtaDZuyfB8CH,Tutoring
rec3vPbM4k1Nwclqa,Therapy
rec3vpOERxpLcCi6A,Tutoring
rec3wxW3pjEDwrOUg,Schools
rec3x1xpZpDzb0uSR,Schools
rec3yIQL66ZJpTQa0,Schools
rec3zTYAmsGQv7pYN,Schools
rec40CcYbmCZNKLbw,Schools
rec41jSgf66qakLWU,Tutoring
rec423BJbx9aUMIOo,Schools
rec461ggSwNbyWbcE,Schools
rec48IdBXm5TjE80i,Schools
rec4BVXCGRSQYtmco,Schools
rec4EUwtQDFKMQjJp,Therapy
rec4GQzQXILqizGDQ,Schools
rec4LMU0RqL8V2f36,Schools
rec4M3KpISqynTJeC,Schools
rec4MJj2XbHmFk3Zv,Schools
rec4Mo97ZTlxmLEZ0,Schools
rec4TMJD4I1MqkECp,Schools
rec4WsP69fjiUgEZn,Schools
rec4XE5hHk8HPAI7K,Schools
rec4Zf0wsThwTvKwd,Schools
rec4a8oWAEkRt5XIE,Schools
rec4eC0G7OI0JkIF8,Tutoring
rec4jHTKvmUIl7prR,Schools
rec4jdNmPu5gSXqlQ,Tutoring
rec4lfllZVw4y04wq,Schools
rec4ly58JLHC9DCZW,Schools
rec4lyeS2NjhHgk19,Tutoring
rec4pDCoV7r2ChBa8,Schools
rec4pIpFFsiAC7Say,Schools
rec4qdy3GNqL6d2RI,Schools
rec4vYrne49NslQM1,Tutoring
rec4wc2tZONCcKEIF,Schools
rec4xIj9yD0IRdRXr,Schools
rec52DnEFtB78F9lp,Tutoring
rec532sChfEbCc8ML,Schools
rec54EeKcQpptuaJU,Schools
rec57yJcK13D0wCJD,Schools
rec59eRSXCWzofoPQ,Schools
rec5BC5IismyWZOGr,Schools
rec5BykijJsnCuaz5,Schools
rec5GiDWAxVm9I916,Schools
rec5HLa0vLzqA8gaP,Schools
rec5KJkUHK7MDKJ7X,Schools
rec5M3epEJShUf9v1,Schools
rec5OGSz7OJpIATKU,Schools
rec5Oab5zOnQNH46V,Schools
rec5PZZ2MKrwdVJ9r,Schools
rec5SoU77WVMB5Jkc,Therapy
rec5SoU77WVMB5Jkc,Curriculum
rec5V2WjX9nTWtifx,Tutoring
rec5V2WjX9nTWtifx,Curriculum
rec5VUfhTOZdtsRGa,Schools
rec5WyPzVewN7LIKc,Schools
rec5XjdsCfoUuXs3N,Schools
rec5aMtR0ouhT3oS5,Schools
rec5bBezcYyk0hu3C,Schools
rec5bgvvIG8ulfdAC,Schools
rec5bvV8yvIKHwnNF,Therapy
rec5dcsKEbTM7tztO,Therapy
rec5fjrs3eO2oSqnu,Schools
rec5gLa4ssL9vqgPE,Tutoring
rec5gjy2cCXkuVYfD,Schools
rec5h4Y14b7nterFl,Schools
rec5hofSWJUlxaQo1,Schools
rec5mAjx3lQoqZfan,Schools
rec5p1DgIq0Etzzhm,Schools
rec5pu8uXXUZwWcYt,Schools
rec5q8YqLZXs8m0ah,Schools
rec5vdsh2Pdfawlbw,Schools
rec5xL18F6A5hqmSw,Schools
rec5z7bDanWb8kvVh,Schools
rec5zXYHRA9LWbF4v,Schools
rec612QGYDIenmkuP,Schools
rec61lV1MeyYvxN5f,Schools
rec62LDUfJHMd4CSS,Schools
rec62ijdzljQynyUG,Schools
rec65jl7lB6dJyn3T,Schools
rec67w4UrKMgaZ33T,Schools
rec6BfLYkUoBzNAQP,Schools
rec6CTJl60ZXOvdo9,Schools
rec6D0LcQGesiF0KW,Schools
rec6D7M3ADdFoQ89k,Schools
rec6DWj1L51zDQwEt,Schools
rec6Dbf6KaJSWzk9L,Tutoring
rec6Gr0e70S9Eh6gO,Schools
rec6I79yFwZ3xNvng,Schools
rec6LlcsDBzzWEZcN,Schools
rec6M4STKsrmgohzW,Schools
rec6Pjv0Lo5Fz9qSW,Tutoring
rec6Q1I8PZCu2RNEb,Tutoring
rec6R24fPnxdmi4hy,Schools
rec6UTNItbIz4w8sI,Schools
rec6UkR9EX4nEhylI,Schools
rec6VdXWT3GLfpcSO,Schools
rec6VrmulnQSrU18l,Schools
rec6Y1TsKTzWZMi5f,Tutoring
rec6adVYeURfuaWmp,Schools
rec6azPtpoLhNlQ0t,Schools
rec6cAi9oduhKtnoJ,Therapy
rec6fHj0KV7dk4GIo,Schools
rec6i4Nbe6XB1GmIQ,Schools
rec6iEnDnBjaujqBc,Schools
rec6iKa8W6vgjUNSr,Schools
rec6iRrkCiwt0nbwe,Tutoring
rec6isYpYcMfTsNI3,Schools
rec6j9xjuM4KdE3fh,Schools
rec6jTGTAshpTOXB9,Schools
rec6m3mFiclwQEI93,Schools
rec6n8M3c0VlgKQU7,Schools
rec6nfYFHBMEWj7mI,Schools
rec6onHBk2gk2N25I,Schools
rec6oxdJJj2TkfKyJ,Schools
rec6pzLDVt5LJtg03,Schools
rec6qPv4v1HbpDI5m,Schools
rec6qmeqxRPCVrHdZ,Schools
rec6rgR6innwl70UJ,Schools
rec6sntOcFz33XNAr,Schools
rec6upIUxjm7pa5Y6,Schools
rec6xnHsiEai1xXwk,Therapy
rec6yJStxISPxUO5M,Schools
rec6yXV5eh9uncPyX,Therapy
rec70510dGNjbDr9T,Schools
rec709ShCd4MmP3Fa,Schools
rec70u2W2rPtBlU0q,Tutoring
rec71CKTn72cVWBos,Schools
rec725Tfwa8puploW,Schools
rec77MiP8QVydIXJi,Schools
rec7EAXFad5jz65St,Schools
rec7EIpdyf468b3oT,Schools
rec7EpI9GpoJmM4I6,Schools
rec7FggskiGwYrNMx,Schools
rec7Gh4C6FeL5f1f3,Schools
rec7HIArdgibt39wS,Curriculum
rec7HIArdgibt39wS,Enrichment
rec7IYFFKAzMa0qZn,Schools
rec7IeVUaC4uJHmLJ,Schools
rec7LbqqJxHDnR553,Schools
rec7NGg93Q18lfvas,Schools
rec7NhcktqxLDyGLj,Schools
rec7SrgZa7WaRkLzN,Schools
rec7WgxjxgUDSYKOF,Schools
rec7X5aAXkJQeTdFy,Schools
rec7aHVOMmyVT7beL,Schools
rec7ce1nr8fO0ubVZ,Schools
rec7fCePxh6bIuAn9,Schools
rec7gIDhmX6KHWnRb,Schools
rec7hnA9wHJvUxuqp,Schools
rec7iVAX2sL4m4E1n,Schools
rec7qE9wg3Qtn0ecH,Schools
rec7qbIfkNkGPuhrv,Schools
rec7rU9DeKE3kA8Mo,Schools
rec7sjvWncv4p9EUs,Schools
rec7tMWBaxEFx5jmW,Therapy
rec7ub3GJUtjJPXCQ,Schools
rec7ukrfBR7cjmCRj,Schools
rec7xCf0fKUsbBupg,Schools
rec7xKTxDPGmg3Bcc,Schools
rec7xvgfpoJ9g4D5N,Schools
rec7yWnyUEgW9RdlA,Schools
rec85iO6KA70UPpsD,Schools
rec8GWEDimd8XdEXl,Schools
rec8GinBW1xowhwLW,Schools
rec8HTiKx3VSaMJmY,Schools
rec8HpSZI1KOZiGpI,Schools
rec8LaacNPgqxKtOj,Schools
rec8O3vlvndC5g5mS,Schools
rec8OeRfaLPHZCMZd,Schools
rec8PchlVRnX3sFTm,Schools
rec8SVvwkiqO0wbKd,Schools
rec8Sw9XkiQAkTemj,Schools
rec8T6s4wh9TVStmn,Schools
rec8THS2OLMKp6hbU,Schools
rec8W6ug32yO8wH2Q,Schools
rec8WA2FVKlUfTAqY,Schools
rec8ZVoEjN3K1fy5J,Schools
rec8eROT3DVveRYi4,Schools
rec8edHhLyf9zq4rn,Tutoring
rec8ie2iBVuPor3vL,Therapy
rec8ie2iBVuPor3vL,Tutoring
rec8kJDDdRUxVQqsH,Schools
rec8od4ertqEZYHe1,Schools
rec8q9A9YdLpOqSP0,Therapy
rec8qGDKZNHU7bjNp,Schools
rec8sscfGlpSrrryq,Schools
rec8t6Wn3Px0w3YpU,Schools
rec8vcn6YqUKJ7ZL6,Schools
rec8vdGvqUvrBMcRV,Schools
rec8vuHPj2fC2GZNV,Schools
rec8wZu6hmxnu3m8Y,Schools
rec8xsmdXHtlRqRFg,Tutoring
rec8xvsBuZF4pReUu,Schools
rec90yiCDCaphZ5Ct,Therapy
rec91CYAsUZ8Y1mEI,Schools
rec91wl5OyVzLBzPI,Schools
rec95dgMp44R71Mbz,Schools
rec96kUYLkaUGCZnW,Schools
rec96pp1PQQ7q9oDE,Schools
rec99O6Q7yyqWUMKb,Tutoring
rec9A5yzbFFW8i92B,Schools
rec9BBqfBdudG19lx,Schools
rec9HPTKOg3uvNgyR,Schools
rec9JWZibGYqji8Zs,Schools
rec9KJN5UE2pwJiy4,Tutoring
rec9NNyCy5LBRSys0,Schools
rec9NdOqCMuMTaCYT,Schools
rec9OWv1IGV7hFoxk,Schools
rec9OvjfwnhXp8wIu,Tutoring
rec9OvjfwnhXp8wIu,Enrichment
rec9OvjfwnhXp8wIu,Therapy
rec9Q8Kmmm4slnvy9,Schools
rec9Sr3T1rvDDHi4k,Schools
rec9Yq6FHZEQNdtOA,Schools
rec9aC0fwFTP7xfzr,Schools
rec9eUOeGxoBKdbqf,Schools
rec9fdzkKS7F930em,Schools
rec9hSV7ChnmvqFnr,Schools
rec9hsG4pRxaw0KnG,Schools
rec9htUXxIpBtAqGP,Tutoring
rec9jANO4LMSpURR3,Schools
rec9jxMAyP2YGRCAg,Schools
rec9lGUokcQqVECPb,Supplies
rec9lJ1mbhtPcBlTp,Schools
rec9lNb2MY13R7V3k,Schools
rec9mVgsDi2KAJ4Iq,Schools
rec9nxtPLlyO2e8Py,Schools
rec9pJqUOFc5OMOHZ,Schools
rec9pKOYqiZvKYEek,Schools
rec9ppqhZtHOCxE9N,Schools
rec9q7XZDbTQhAPA7,Schools
rec9qhT8z8ks7hRLm,Schools
rec9rGkDowpsXV0vO,Schools
rec9sphtrQx9SmPqz,Schools
recA0z0KXL5Dl08Sp,Schools
recA18xhiPfluocox,Schools
recA1kpuXD6E43OXX,Schools
recA2IArF7C3jaMS3,Schools
recA3ahBHjK3tIsFK,Schools
recA3bLkc8OO1UhcD,Schools
recA4M97ZeyVkADpb,Schools
recAAdM0wwY3RtTu8,Schools
recABnvIxsHflTUTG,Schools
recAE3T6gfEsMYBzY,Tutoring
recAFfBoSuOIyF3Kv,Schools
recAFumTbTw8hpBk2,Schools
recAGqtY8DSiJQo7U,Schools
recAH5CtLnRuRobhE,Tutoring
recAJYJBF3I2Hy6qQ,Tutoring
recAM6830Yk0Xfbed,Schools
recAMPAMrNRlQrkkU,Schools
recANV8oYYpKDlJtJ,Schools
recAOlEjvjaM3EsNy,Schools
recAPLD3CBvW3QSDk,Schools
recAPNfJNeJwWKWCR,Schools
recASgCQccNJLG3sY,Schools
recATFpSonibclyND,Schools
recAWcSyREtyfzhDP,Schools
recAWqqojKrqQAKhH,Schools
recAWufq2ouSvvmnB,Schools
recAXiK1iOBavxdaN,Schools
recAZjCZnUKpsjYRH,Schools
recAbDxc2T1nGui72,Schools
recAbJ1wOW1bOb7WN,Schools
recAbXiKy5jw4klv0,Schools
recAbwmHUgOULQj6a,Schools
recAd2xIW5GI1UH5l,Schools
recAe4Q5i7X3S6tUA,Schools
recAeZqt54bhTJyY0,Schools
recAgNQZRb4Ulhpk9,Schools
recAgfZyHAd6EeeZj,Schools
recAja6t8lDVUHzAy,Schools
recAjxtHIO4BFjP1d,Tutoring
recAkIeCv74Ze0oMU,Schools
recAru0vxVbECcjQc,Schools
recAuQrYSsJfHuqkq,Tutoring
recAuk1gXDKzRNzim,Schools
recAw7Ys4TrIxe8nC,Schools
recAwA9N3ERW1NkcD,Schools
recAzWTGbVxcMd19A,Schools
recB2cmPqk3VNKj1K,Schools
recB38QbJjzMrNQP1,Schools
recB46IEcOX6LU1RW,Schools
recB6XBo1GoVtg41x,Schools
recB7HnmO0pSuxg2F,Schools
recB8924W4FdHWQmf,Schools
recB8C2tlSCv5HsAW,Schools
recB8FmijXm18G4Wg,Schools
recB9b9HRUF2kxFfv,Therapy
recBCocKDxnF6gOYd,Schools
recBE2sGIf3bLlQZH,Tutoring
recBEhUf281w3LMfn,Schools
recBGTwBrsC7cf3sv,Schools
recBHnuFVfQia9Gqa,Schools
recBPIkZIEDGBz4c2,Schools
recBVcb5ngomV3Ktj,Enrichment
recBVcb5ngomV3Ktj,Curriculum
recBWre76GzCTpP7d,Therapy
recBY8CE3j1KmfWok,Schools
recBZlrJazoKmAe10,Schools
recBbcLOYNvyHE0x5,Schools
recBh56IlAQ7B3EiC,Schools
recBkGg1B0mxOVcRn,Tutoring
recBkGg1B0mxOVcRn,Curriculum
recBlOxXaUdqVH9vd,Schools
recBlp3gNNEnm7DA0,Schools
recBoKdl1EJtAqbOB,Schools
recBod8bsxt2xN7yM,Schools
recBp2eqEW1VPvu7X,Schools
recBr6TbhM5nSAc2T,Schools
recBrdE7qLr8quQ9o,Tutoring
recBtnrEIxtBx7vmx,Enrichment
recBtnrEIxtBx7vmx,Curriculum
recBufKIq9zpMSsci,Schools
recC1wspSYwa5NBCI,Therapy
recC7gORa9KfQne1a,Schools
recC8dnIEFrgjPxCx,Schools
recC8nom7jSvPuOMD,Schools
recC9YIEBZrZtgUSK,Schools
recC9dZ0h1rwFktuB,Schools
recCA9H0oVxHSppWJ,Schools
recCAMGlrNO85MwFD,Schools
recCBdDy6Q60UlRTY,Schools
recCDBISwRLvAbxEL,Schools
recCEmx6UVT9XPHMz,Schools
recCHExGt5FkTV52X,Schools
recCLI6tLh0AIJyCk,Schools
recCLcig0foZ6vvKN,Schools
recCLl9HSPo5vGWe9,Therapy
recCM3TzvwhBEbgqs,Schools
recCMRZfNirTafv8i,Schools
recCMrXJMWNToC6G6,Schools
recCUVNTDY4SyO191,Schools
recCUhbGT8nB4skV3,Schools
recCWF6RxGUHjE7DC,Schools
recCYTvzm087v067S,Schools
recCa0ZbXQDwEHT19,Schools
recCbcxy6MbI5kBgA,Tutoring
recCdONJk1EZFuNsa,Tutoring
recCexCYnicBbRBqA,Schools
recCfvBXMd9IgLLq0,Schools
recCgm9JUtSOKwEJ6,Schools
recChBm6dxPmSZFU2,Schools
recCjTLtTjucZIGcj,Schools
recCjYwpyEIJ0YKZ7,Schools
recCm4nQhOzqDluEy,Schools
recCmOoKxhsGzNaCJ,Schools
recCnaCDTaJJSReou,Schools
recCnvfz16J6DFLbq,Schools
recCoCGcLzSbrkpf8,Schools
recCoQOp7SztuwLaF,Schools
recCrumY1ZlSC6t7i,Schools
recCsNaMRDFsyav6k,Schools
recCtxll8lSEwltQk,Schools
recCv2Z9MU57SQMAt,Schools
recCwUx56zi7m8HH7,Therapy
recD0ZQD40KnATNx9,Schools
recD1FRlQNGsQa4dr,Tutoring
recD1Jf7Xd50QVKtF,Therapy
recD1i1TiIPbPAGSs,Schools
recD3llgHFMIvLYZz,Schools
recD4Wj8FNwJDoGEh,Enrichment
recD5J4iK7aYcUNgl,Tutoring
recD79W36ww8cwsAc,Schools
recD7CIBJc8qPGolD,Schools
recDA6hPVjMZ9tSZi,Schools
recDB235hp35PHqfO,Schools
recDBNnt9yUXQnhuq,Schools
recDBT8kzVLJWVdpd,Schools
recDD0akOKzUfPSVQ,Schools
recDEjk5wNyYtX1yS,Enrichment
recDEsyIFUNtKie5I,Schools
recDEvdNOiy46ynDm,Schools
recDGcBVfwkRkO0Th,Schools
recDIjEZlsi7JakmI,Therapy
recDL6vlMA3OhIg22,Schools
recDO2GDlU6BCPWuk,Schools
recDOLQBMIO4zNW5r,Schools
recDPQh0sNpcrzRQB,Schools
recDTC0dauJukP0tD,Schools
recDUc0z8oKMBNcn8,Schools
recDWCy2SnnL7EMCB,Schools
recDX4pZF3s5T8BWx,Schools
recDYkCvR63pxgU0O,Schools
recDapGeQRqh10jDG,Schools
recDbUpW3pFY73zBi,Schools
recDbc2xFShloHWc7,Schools
recDbcAtZ8ZqkLpv7,Tutoring
recDbpWREKnRQuDQm,Schools
recDc58WLQgcUCKGu,Schools
recDcE8J4gfXG61Yj,Schools
recDcsI8hGqDuStX7,Schools
recDd2twjrt1K3xf9,Schools
recDdjIVTBxn7WgqQ,Supplies
recDfgS42lamIoQ8u,Schools
recDguPX7LyWOK7ib,Schools
recDh2AmP9Ix79vJE,Schools
recDiUayva9y9SWAB,Schools
recDjkcQkizvlIxxX,Schools
recDlRfWChYgmCYyW,Schools
recDm7kwwLf7nXgBX,Enrichment
recDmQsyPKpayduHG,Schools
recDnsmnr4CS3Um9M,Schools
recDp3ZV5dwdhSOIo,Tutoring
recDqjD17zglXo6Fu,Therapy
recDrAkW72D8wd7zt,Schools
recDs0CK5snVuIaT8,Schools
recDtZda1p1zv0aQb,Schools
recDx7PP9V1otZiUK,Therapy
recDyNHMEdJvgs9PF,Schools
recDzH8xzoPoH2YOG,Tutoring
recE01mLdSZ5lTaOS,Schools
recE217N46NEVG7n7,Schools
recE2ii0eqTC8d4ON,Therapy
recE5YdfMzDgXOyVn,Schools
recE5o267nYT8VPra,Schools
recE6s1CArJm1mCuL,Schools
recE8KZpNZniAiPPZ,Schools
recEAgpr6zf8JVEqK,Schools
recEE5c9BLpb1fpX7,Schools
recEI0uWFZbhJUTAN,Classes
recEIL5zg6ZauB1u5,Schools
recEKOBW4mV54Ka0S,Schools
recEL63cZCUyQMxqV,Schools
recESkuriGwCWSAq6,Schools
recETGvJMYpQ64mjv,Schools
recETHLR26A6Gj65B,Schools
recEUvtDOv6GKvl3V,Schools
recEVZEFiE9Fk90vT,Schools
recEVvT7UOceJYEU8,Schools
recEXatmRcL1SyLoA,Schools
recEXjbUbm0TwUU0P,Schools
recEZQllNMGwqpLfj,Schools
recEhVnTpgU2t1hKb,Therapy
recEkNqRYl472QjfA,Schools
recEmXUBef32DQBDp,Schools
recEnTeJcyWzDuJ22,Schools
recEnTnarOWpEIdSJ,Therapy
recEnTnarOWpEIdSJ,Classes
recEnTnarOWpEIdSJ,Enrichment
recEntjiIlwu9KKFY,Schools
recEsZNeYCXVvd2YI,Tutoring
recEukpDDEjxsF7SI,Schools
recEwC1ir9q8W00cl,Schools
recEwEnbGY4KGIN0P,Schools
recEwVZMOptY9JSae,Schools
recF0eaSsg5pl1mWi,Schools
recF3P61i0iFyfMMn,Schools
recF3bhl9wfU9hb13,Schools
recF5VYu9mOheUsr1,Schools
recF6uqAUAozEZKd5,Schools
recF8IhvtQ3VePMNl,Schools
recFAHukDoSnRPQic,Schools
recFCIEgO6TOOaDx8,Therapy
recFEzRsAaC0TAWaq,Schools
recFKmVoBkmoOSj8a,Therapy
recFP46viCncku4Nc,Schools
recFPIz7TjWTaiHQJ,Schools
recFRz3wWDxA1YIKg,Schools
recFS5FZZ8ibgr5CG,Schools
recFS9bhqPAF7Pacd,Schools
recFWcewWa7Gqa7fq,Schools
recFXpzpiSLEK82vn,Schools
recFY1HtVmygytUir,Schools
recFY91ruelBbRnWe,Schools
recFbVjsQ9s29Rn7W,Schools
recFbv19754s4sRIK,Tutoring
recFd0S1hCmbmvyhP,Schools
recFikBBNNQi44LO0,Schools
recFixF7sIQYPRocX,Schools
recFkDvP18MPig6aq,Schools
recFmWm3PuovqtPzG,Schools
recFmgLCu6SPf9FMI,Schools
recFmtdixHX2Lgabn,Therapy
recFna2BioMyYCZRL,Schools
recFphFox0AR5bL9r,Schools
recFsdrsVHZX0KRih,Schools
recFts6PYjzA5NnYU,Schools
recFu2fGEn1CjQI59,Schools
recFvTHtGC71nH7Fu,Schools
recFwCIqxo7uekGGZ,Therapy
recFwddV5xntHF9dg,Schools
recFx3t2ixksvUt51,Schools
recG0c7a6nNqT9VGW,Schools
recG1K4BQNYL69Had,Schools
recG1PfSrxuZLQnSe,Schools
recG1jPOSq4VJYAwb,Schools
recG2HbLEFXUtdOlF,Schools
recG3HCwVuX3Lw79P,Schools
recG8jkB4AsQwCK23,Schools
recGBIDMgkpgwWY1Y,Schools
recGCth78ajwK1PjJ,Schools
recGFQZpObtFaWx9l,Schools
recGI7kyz3GBFaXPb,Tutoring
recGK84Ao63C1wS2j,Therapy
recGKstaDWklbSqTx,Schools
recGMPsVWKHhhJp19,Schools
recGVdG0r9qfaV8aK,Schools
recGVrs5MIKXVOqW9,Schools
recGZTTk2UWeLFQru,Schools
recGbyv82EJYthehA,Therapy
recGcHfx8aAhLcPHh,Schools
recGey5wBca3kfL9h,Schools
recGf9xExAgrTaqM0,Therapy
recGfiQadJ6KlrPdG,Tutoring
recGgwa9C5mjKQF8u,Schools
recGhNnjsw3CK50fz,Schools
recGjIXeGrBeD8wFr,Schools
recGkA1ay6hk0YVNS,Schools
recGkNldpI1ug0ZmA,Schools
recGlvf8OuKzFIbog,Schools
recGlviJqecXSIe1D,Schools
recGnirrvSJRfv1V7,Schools
recGq6NZGPxjppzCd,Schools
recGqol3kqWoDz6hs,Schools
recGrLZDkNk8tRu3C,Schools
recGsIj2SHZMuWzAx,Schools
recGsQ3O5cgWxND8E,Schools
recGsqKqBwxJSnFDp,Schools
recGsu4mp1IyVhLe7,Schools
recGvIHuSYYIBSkGu,Schools
recGwnM8Y618qlW2I,Schools
recGx51ORDkDk2DB9,Schools
recGy6NKs4nR7rH7w,Schools
recGzCTf8XEReM8WD,Schools
recH2BH6zMBpnvlJM,Schools
recH2Co3wM9tiVnog,Schools
recH2GRImuyVU5Qxx,Schools
recH4tjOXXf2JyAqd,Schools
recH7kO2FyU3c7of0,Schools
recH8aAfOcgJjztru,Therapy
recHBirEzZz8MdSTi,Schools
recHCdT9XdiIOYcwX,Schools
recHGlFU7s75K27qn,Schools
recHK5wI4TzD9YI3f,Schools
recHNXaDm2ojYJPLP,Schools
recHOO4YGQLv7hFj3,Therapy
recHQ1jvquQkVPP5o,Schools
recHRkjoDryB8RDBU,Schools
recHSD87N0CQ4LQUz,Schools
recHWFULkIikj6uiF,Schools
recHWQppxMGKgU4Iw,Schools
recHXXFl9yJ8lX3nu,Schools
recHZ1cbDEnJyzeLF,Schools
recHZqloJsoCFnB9g,Schools
recHa1KhdG07yfOwb,Schools
recHaa3THpr09Mp5N,Schools
recHb2qjO5wGRzdkU,Schools
recHcLJisnmu23pJg,Therapy
recHcQa4UZGOaS4xl,Schools
recHjMZnXVb0FJ5TY,Therapy
recHqx4V8QDyLwRGU,Schools
recHtB8vk4uMDUbWA,Schools
recHwdTxancHGDSuR,Schools
recHzFDW2ijsv8m8n,Schools
recI1Mxn5T6plOCIr,Schools
recI20jHdWML9nAGk,Tutoring
recI21akmvMxhCaUk,Schools
recI268o4CReT0QZT,Schools
recI3882sDNMbk5ax,Schools
recI5QNIMzimDKwTR,Therapy
recI5lUp7fT8qWCK9,Tutoring
recIATS90A2pQT3Im,Schools
recIAWRX96KVcnUlA,Therapy
recIAah9mcI1Z2A6x,Schools
recIB3H2JT9H3lgYF,Schools
recIBpMTZdO5tOOI2,Schools
recID7gIrVqYAjdCm,Therapy
recIEUFKEKAYjxSKv,Tutoring
recIFA8qN4GZAESg3,Tutoring
recIGUjfETOUoR9UZ,Schools
recIGg4voEgZ9oYut,Schools
recIHupEWlgL1oxin,Schools
recIJnfB0vVYyNg7X,Schools
recIKaZ8YlMvYufV5,Schools
recILdb7TTKYsXqE5,Tutoring
recIMgmALUr4orHgc,Schools
recIN3fav2ZD0MCz1,Schools
recINF76aZw1I77I2,Schools
recINX0ld1m7PkiHJ,Schools
recIQyDIyVLY2uCWq,Schools
recISlmXDGHHeJWgf,Schools
recITFT8KgFK09oot,Schools
recIUld5LUax0Ww7m,Schools
recIVPe3iBMIMH4P7,Tutoring
recIckNbfrpDseUAN,Tutoring
recIcolwFY4oOvIaZ,Schools
recIcsFEUDMkrIomh,Schools
recIfYmnpdP2aMa9R,Schools
recIgin7OxjuAErpw,Tutoring
recIh3Vgsx2VNojeC,Schools
recIjfIDDhnMuxOqT,Schools
recIk06LVxVSStUg3,Tutoring
recIk06LVxVSStUg3,Enrichment
recIk06LVxVSStUg3,Classes
recIkQIfXTazIFLsZ,Tutoring
recIkamMadVk7EWVW,Schools
recIpwnHjBy5Jipqd,Therapy
recIqOnBhsABDBDgy,Schools
recIqRtVp0XuCkIBF,Schools
recIqk2yEePu3sV7Q,Schools
recIr6IRtqf6usfU8,Schools
recIrm1UvTYMTqmUZ,Schools
recIsFeQmamli2SOG,Schools
recItguKoU20RJuHc,Schools
recIwxA58Ybm0zpt8,Schools
recIxtPAkdissEzUu,Schools
recIyehwD6U63knVO,Schools
recJ1APuBGrFMpgeZ,Schools
recJ3KJdhdglXjIWO,Schools
recJ3VwdDnqOmMmE4,Schools
recJ4Z62PV4Uj5iQh,Schools
recJ4bj31SDvx6TVc,Schools
recJ6p8fjxRFGEKal,Tutoring
recJBJkV8eO3jkNi7,Tutoring
recJBnQri8nMwijtr,Schools
recJBxUQI8AIaigVz,Schools
recJDoRrN8Zgy2cDb,Schools
recJJnf2gUemM4cn0,Schools
recJMGJ4IhCWimpVC,Schools
recJOfwv5c8ZuopIm,Schools
recJR3ime3r0UPovg,Schools
recJUchBmarpkbWpO,Schools
recJVqMljdi8gMuvJ,Schools
recJX1YwNE21Gbg3B,Schools
recJY1WsoFafwhd09,Schools
recJY83vvAyPtg82X,Schools
recJdLPZvr2oehEbh,Schools
recJfQnxrkYE8wZMA,Tutoring
recJi2LKNNMCpUNLE,Classes
recJjpUsFzlwgvThX,Schools
recJjyjIjvnrWsUZP,Schools
recJlUGEpXcM1XFGt,Schools
recJnXHu2TLmquZyT,Schools
recJnZR1Ac6qownjh,Schools
recJoj6zHtOBEncyl,Tutoring
recJp2ejZ6KAyHQjN,Schools
recJrg08PR7cS3kBe,Schools
recJsi2jcASzmLo8L,Schools
recJt0RyvIHrCiIaT,Therapy
recJtpIhCDZddeSlo,Schools
recJwBSFMdx97EABH,Schools
recJxpVuRxKfgsYoS,Schools
recJzepyfOklZdFh7,Schools
recJznCtvUvFftRQS,Schools
recK0zGON1Zgs0Rg9,Schools
recK1Cvp2jeodnVTU,Schools
recK1T0u4pwmYpx3k,Schools
recK2397qnODEPxRe,Schools
recK2d5jWj8i1pnOx,Schools
recK3ZhdQPECeEDAt,Schools
recK3eccZ7i4ri6Eq,Schools
recK4Ck7dKQqvq0qG,Schools
recK5TeDcdDEBsK8q,Schools
recK5yJXeTrqIcXJX,Schools
recK6Xz2oSN388ir2,Schools
recKAhwOAYE4paNzN,Schools
recKCfrYzyihV8B0m,Therapy
recKDqiR65QSyPOJw,Schools
recKEENlR39fUDZRf,Schools
recKFjM1kSfllc6UM,Schools
recKFlcXiG0BuUtV1,Schools
recKIaPIH3L6pQpx8,Schools
recKItlEAiED8gabt,Schools
recKMD85knJM5UyE2,Schools
recKMyOma4gHjjB0x,Therapy
recKN4dJqqi26qyTr,Therapy
recKN4dJqqi26qyTr,Tutoring
recKN4dJqqi26qyTr,Enrichment
recKN4dJqqi26qyTr,Curriculum
recKPGJ3WHua6Wdes,Schools
recKQBgZM8SSIPtgo,Schools
recKQGxLnD2t9k7vf,Schools
recKRPEJ8lpJGaU4S,Schools
recKXFtVohBZZH314,Schools
recKYYKXq64Av2cHa,Schools
recKYbQyzrzCFXTGR,Tutoring
recKZ3hKQCejpK3r4,Schools
recKZ6BbeZBqdj7UK,Schools
recKZH9xcfZesRbK6,Schools
recKZRWYPXudLi1vU,Therapy
recKZkifheaHhVrd2,Schools
recKalo1NQSZtLFuI,Schools
recKbPk8ojo9VnRgN,Schools
recKcKADR5DYZzhOO,Schools
recKeHHP6XYU0tswt,Schools
recKi6lYPfiLAju4l,Schools
recKj7QSpxi0qzohC,Schools
recKk9Y9rex9ztHcF,Schools
recKkuw4ydeX2eXV6,Schools
recKli4eSWpXRlIyJ,Schools
recKmNj4mSHo6qcLL,Schools
recKmycENy0ab862Q,Schools
recKo4CR4Eabh9vPh,Tutoring
recKo4CR4Eabh9vPh,Therapy
recKoJUqQ0a28z0ZZ,Schools
recKqIiXLfmK4o6JQ,Schools
recKqpPHbpqA7qshy,Schools
recKquByDt8Z8Bx5Q,Schools
recKsbj5vUcZYN034,Schools
recKttx6NtICvTVPe,Schools
recKu5rn7E0wMW6vw,Schools
recKut1qIUBJJHg8H,Schools
recKw4ttObQxljcMn,Schools
recKwNEchMS8aJp1j,Schools
recKxruM5bxb6C4Nl,Schools
recKzGfeKHBrAtIW3,Schools
recKzoSy5CyqLTgvP,Schools
recL0Z3STunnZgx9H,Curriculum
recL0Z3STunnZgx9H,Supplies
recL1Whiw3AvSic3m,Schools
recL3FSIqcwJzZEBz,Schools
recL7609n1O2gEzTu,Schools
recL7jsgUylFetA09,Schools
recL8YIpFL3q6pNiY,Schools
recL9gt2ROBBRX3ZJ,Schools
recLANqwIk1NTgPtg,Schools
recLAqnaZivTxeALz,Schools
recLDKkiml86wnfC3,Schools
recLJCHzRpO7U4Bu6,Schools
recLKGKyCmEHEkJro,Schools
recLKLRDyhc9IGSGh,Schools
recLKlhQTjCAoYpLY,Schools
recLN3g5mY3EnIGlw,Schools
recLNOS8YQcRt8vRf,Schools
recLPnWuWq6pjUfRE,Therapy
recLSYreVZJj5wN0q,Schools
recLWpNnmkBpSL43C,Schools
recLX77RwKkClxxKc,Schools
recLYOQOx6pq8WUv5,Schools
recLcPzMs6yLb1xmF,Schools
recLfFK3Aw409QDwa,Schools
recLfPIkNcBqu7PNK,Schools
recLfmvkkUh84GhIb,Schools
recLgItMGMU9BxDFv,Schools
recLilhemcXj8trs0,Schools
recLjT1r96Dd5B8pW,Schools
recLoGlRJWnakhCMz,Tutoring
recLtpjimgbVwRqms,Classes
recLtqp1pTxuLNSkO,Therapy
recLunUT1SW5cUGyG,Therapy
recLvpIWGUjwNX4sR,Tutoring
recM0tA4gdiaMrEhd,Schools
recM1Nv4Tl4y9JCbd,Schools
recM2HJMDYa0VkqPC,Tutoring
recM2J5Q2HdICA6LP,Schools
recM333CR11GFXRXu,Schools
recM4UBJwcKrUB3gk,Schools
recM7IQkA0sZP7bjl,Schools
recM7qwFaqlvhbzS2,Schools
recM7vTNUU74O3LUp,Schools
recMArjwVkZudZqjH,Schools
recMGc8NOtHiaKEG2,Therapy
recMNS0LDlmyVurLG,Schools
recMOD4NPb0rvNuUP,Tutoring
recMOzMahNbIjXYRr,Schools
recMP12iKYPcHcfFd,Schools
recMPbTs6UHGFwQQ2,Schools
recMQ3WciWPTGvGgk,Enrichment
recMQ3WciWPTGvGgk,Curriculum
recMR72sVh9eePZCz,Enrichment
recMR72sVh9eePZCz,Curriculum
recMR72sVh9eePZCz,Supplies
recMROtfcdrb8ehYK,Schools
recMRoYZymBRnCX8q,Therapy
recMTHFeMOnWRypFZ,Schools
recMTd1sv5jcAzZDQ,Schools
recMZT85sjr0HE8yp,Tutoring
recMcPVFcT0IJIGbw,Schools
recMdcRo3UpAaIEVR,Schools
recMeXnovZzeRvB62,Schools
recMgppHWRN4v8hRq,Schools
recMiPzH9epEFlOca,Schools
recMjmxIF6cqppVkS,Schools
recMlogkp0FxoKXCl,Schools
recMmfSuoJyfTqLTQ,Tutoring
recMmfSuoJyfTqLTQ,Classes
recMrni2a2e2oI6uO,Schools
recMu9AwhAdxwhlst,Schools
recMuxhrG2Izc4mw8,Schools
recMxC92y8rSOpKmK,Schools
recMyApyRcdUBeUcF,Schools
recMzNWqQiBvWWq7d,Schools
recN0ivJUcQs219dE,Schools
recN1G21oMer2SR65,Schools
recN22eiC4ehnunK0,Schools
recN2j0ElGUZTaZ6r,Schools
recN33h3OnfhFBafx,Schools
recN3eMHt6Dz1Xjlj,Therapy
recN4B4XNn3xgSxr2,Schools
recN76D6iC5SMZIW9,Schools
recN8MTUu17mhJI3T,Schools
recN93F2z1PQgIIPi,Schools
recNAIhKezITWjG7F,Schools
recNAdq3yemXV5q0N,Schools
recNAyTAov9x6JQnr,Schools
recNBLDxVXStWxNob,Schools
recNC90yz82GGQGQt,Schools
recNCeuDSAEJJWH2K,Schools
recNGsbsmuILVoT6W,Schools
recNPU2XTfEsV2xof,Schools
recNR3PqDHAArbBg1,Schools
recNRPjf8TvC5QGMv,Schools
recNUYvzeenV2cMfK,Schools
recNXV9iugL0HHkZc,Schools
recNXvLnYZLy7ykhq,Schools
recNbBVA9lXJ8NZqT,Schools
recNccDywYmlQcwGM,Schools
recNcrO90NS08p7bR,Schools
recNewkWWRH0sGnNc,Schools
recNfA8w8zZkHlKag,Schools
recNfsNpoZMgCL2uu,Schools
recNk97VJ7jQ9dEm0,Schools
recNlPq9Awi8xCu04,Therapy
recNmZTTqRWHaUQu0,Schools
recNnkC6bC43Z2trU,Schools
recNoIMSd3dTQj0tj,Schools
recNpNc0sqU5uNynC,Schools
recNr1ih17wtNOe4H,Schools
recNskpY28Jz9dqN1,Schools
recNspqnhAMrCcZsV,Therapy
recNtA4qYCU3c2DSy,Schools
recNvEG0oNmAJQLYT,Schools
recNvRXNB4sN23cZ1,Schools
recNvsIXN4sj3SeuE,Schools
recNwWKHYZ71VJlrI,Therapy
recNxoH37SJPU34f5,Tutoring
recNytWltxuODYxS5,Schools
recNz6ZwRqF4vgCwP,Schools
recO2IsnzCCau9eaQ,Schools
recO2MSV8SCG4klDy,Schools
recO3mh5q9a7vRy8q,Schools
recO4JxQ1CmcNPIEi,Schools
recO5pctAmdr2JWOf,Schools
recO6IKLMff6pWfvG,Schools
recOAQMCq7kYoGDwH,Therapy
recOBIwqhUUqu2szQ,Schools
recODzmIvz2AhCSBi,Enrichment
recODzmIvz2AhCSBi,Curriculum
recOEbHxFvCDUiLAZ,Schools
recOEdTe6JKkdLIJa,Schools
recOEwRVEsGmgIUw8,Schools
recOFcH1z1jPK18X0,Schools
recOM9QxSTAdnCLBa,Therapy
recOMf8U6wNSm9Fye,Schools
recONcfxcVEpS87X8,Schools
recONsAVMphP4fUMI,Schools
recOO7yM1C5zaZmtu,Schools
recOR4UbaMUzaQXri,Schools
recORDMK0FooihIeD,Schools
recORLjN7pzi7uONz,Schools
recORcYs579g5dapJ,Schools
recOSIbkPykike7Cf,Schools
recOTIaNS5HEziGSU,Therapy
recOVVTu1j04vAhXW,Schools
recOXEsI7X9dB1COX,Schools
recOXl072z8mTmy8k,Schools
recOaahVV0UIHUeaR,Schools
recOabNVmH3EWCOMW,Schools
recOf1RTEGttzUNUw,Schools
recOj8qLRloJrmCVX,Schools
recOjdr4kb0mXrnwg,Schools
recOjqMon8wCrqX1i,Schools
recOkWp70jn1lIP8h,Schools
recOktEmD3v58o1uL,Schools
recOnCEGIGq8Xdb6Z,Schools
recOqWcKc0mI09h1e,Schools
recOuNBWteWcfsP8E,Curriculum
recOuNBWteWcfsP8E,Supplies
recOuXFFUKATyDWMk,Schools
recOv7dj1SO7MKy0X,Schools
recOx1x6kF7W89zR9,Schools
recOxc6iUKJtNVQoJ,Schools
recOyKb1PROSQNNp4,Schools
recOz6Q5Ac4To0wl2,Schools
recOzh1XEfeYLlUKG,Schools
recP0YSBvOKNLgARk,Schools
recP0oDT0Wq5QwxnP,Schools
recP2pFXq6spd2nV1,Schools
recP4mpC0ARAnGNCC,Schools
recP5Z5Hj4kpbzztJ,Schools
recP6ATiseKg8wgzq,Tutoring
recP8I2sRowcVyVuk,Schools
recP9XOpbkI9iyDZG,Schools
recPAmyV4Qu4QmD0x,Schools
recPCb9ZrS4jJeYiH,Schools
recPE3d7PmvXxQGOf,Schools
recPEOS5Xm2xoycmQ,Tutoring
recPGuAihOYhY3Vkn,Schools
recPLbDNtBn6oX2E8,Schools
recPM8NWChjhHWJ6o,Schools
recPMATkzXnA3ottV,Tutoring
recPOgUntvdgDixC7,Schools
recPPX8pjENS3h7L5,Schools
recPQXZB1dBDkmiW8,Therapy
recPQzqSZmBkoTa8r,Schools
recPRt2yTWAS6HcJU,Schools
recPSsFHzRGyon6DU,Schools
recPU0p4YpVVG9YEF,Schools
recPXatUa6vnxx6N1,Therapy
recPXnvCaL8ZLpf9V,Schools
recPXqaoSg1Sb2Av0,Schools
recPaNjTxgjvl8qn5,Schools
recPcPkQjbaVWx8xZ,Schools
recPev2AKZYSMWKqu,Schools
recPp1pCMrLv9OS4x,Schools
recPpfmxFgSyz46sJ,Schools
recPq6NOjL8vaYhqR,Tutoring
recPrQVJEN5DegrOm,Schools
recPvoSYIusSe1WUj,Schools
recPwdUXWCSQEmgpr,Schools
recPxluvocVKdN0yQ,Schools
recPznTVGvk72qmqI,Schools
recPzyoi5sl0HQqrH,Schools
recQ0m8phaKdz1q8K,Schools
recQ1Zn4YFcSY2NlC,Schools
recQ1pPtslqumQyyR,Tutoring
recQ1wgfz61cTBP21,Schools
recQ2UIYQxWdF77C4,Schools
recQ5tqZpLbXPiest,Schools
recQ8IzbU5e7wbw7P,Schools
recQ8g5W5sMKlxhPg,Therapy
recQ8oQyJVv5l9qJa,Schools
recQAxFBSy00tp74u,Schools
recQBqFBuAsfbfweN,Therapy
recQEky74kAr87doq,Therapy
recQK9NHx5r1jw9Qg,Schools
recQLH4aJxhIHf2zk,Schools
recQLwJX5KYA8N7Vc,Schools
recQNbNPmIHfBTS5M,Schools
recQP3OgzdxQitsxd,Schools
recQRfBZJGd8fb6Ev,Schools
recQRpQm3APgxI4qW,Schools
recQTEtAUbco42IP8,Schools
recQWvR4xF25Phc2K,Schools
recQXeVyooBSSOSTx,Schools
recQaKWjBZ4IzUOrY,Schools
recQbZ5YJybF979JW,Therapy
recQblLxCqSEaxpQU,Schools
recQc2exjuMH8kcdt,Schools
recQeJbBc0LueZB3o,Schools
recQhIoJMneUtH6vL,Schools
recQhv48UOnA6KYrm,Therapy
recQmvlEKYjnMckM4,Schools
recQn0WRY1oaqFWBv,Schools
recQnJ8vNmxo51Zuj,Schools
recQneFHiiC1JFrnp,Schools
recQpdRMafSAnZMBV,Therapy
recQsb9ra1OYrV62u,Schools
recQuBUWIsIbqF5E6,Schools
recQuFihE4p5FQ04E,Tutoring
recQxPzERGz2tDCrX,Therapy
recQxglfaq5Y02o88,Schools
recQzEeLdzy36yhWa,Schools
recQzWJlC3mnMeCk4,Curriculum
recR4Bvmj6Z0sflea,Schools
recR8Hob8DqF5cPzU,Schools
recR8uCGVy1Ahbx3t,Schools
recR99Yg5zrCsDLd1,Schools
recRAI4uE9fJV8x0M,Schools
recRBxaMuW0VkYcdC,Therapy
recRF9UaUrImcmSY3,Schools
recRFo9QFZbeceuEq,Therapy
recRJ6JogGiRqsK8w,Schools
recROltNa3bkmWrWx,Schools
recRQH3xpG5nkdTXy,Schools
recRTZICVpoBIK6rA,Tutoring
recRVL9296Bs70Xgd,Schools
recRWRzH3IU5P36RC,Schools
recRWSriRGxaghpp6,Schools
recRYBMoH0yzkz0hH,Schools
recRa4Zi4DtAM31rQ,Therapy
recRaJJzuCOhhTpLs,Schools
recRbDmT43Bbod4OB,Therapy
recRbDmT43Bbod4OB,Enrichment
recRbDmT43Bbod4OB,Classes
recRbFZaxiOnVlYCM,Schools
recRdBsyBqfxCkQMe,Schools
recReFgFhW8RPvgEd,Schools
recRfzaqLXRmNTFMV,Tutoring
recRg1pOow18FBLg3,Schools
recRhCRiVf1pRgmqg,Schools
recRi8awgENlgdtXH,Schools
recRkAj9GoqmRXbQ9,Schools
recRkCwkKMuxpix9s,Schools
recRm7hF9ZshGtIZM,Schools
recRpgP4htxkc8WId,Schools
recRprhE9W9AmjS2A,Schools
recRqPBzbL1j0laly,Schools
recRrgyhhWb7VAMxK,Schools
recRtB8cpArLJcWPx,Schools
recRtUGJJKYy8wIzA,Schools
recRuhol50XL0hMnw,Schools
recRwc6WrYAc3QoBM,Schools
recRyLqxAnp98rId0,Therapy
recRyLqxAnp98rId0,Tutoring
recRyLqxAnp98rId0,Assessments
recRyVvBY3OXjsGpC,Schools
recS33R9sYm5p4CFL,Tutoring
recS3ndWDLuZjrwzq,Therapy
recSB08iv6dbmHlAC,Schools
recSDGtESRPW3mfjw,Schools
recSFE6oja9TIdA8w,Schools
recSLLRz79K0fuWPY,Therapy
recSLaY7DmmsDIH7o,Tutoring
recSNgWiw8RwYu3LW,Schools
recSPIBZ3tPk8joCM,Schools
recSRCU5dL0Z8N7wz,Schools
recSRE8rwC9ZmqPsx,Schools
recSU3EWJBYYxzEgD,Schools
recSUFYdKiamzv2Dx,Schools
recSVE2ErJOOdKcbg,Schools
recSXGQkKKjiK5hoN,Schools
recSZkHe1yCcRUX00,Schools
recSZpntV5NaA1T8y,Schools
recSZqxDrFT5sFyQB,Schools
recSbjPpCWwFafKI3,Schools
recScL7hqluyWDiQQ,Therapy
recScVBMTpc9o0TXo,Enrichment
recScVBMTpc9o0TXo,Curriculum
recSggPz7bP3mz5nm,Schools
recShvvnosU7x1VLQ,Schools
recSj6Imw4WpMAv8D,Therapy
recSjNfG7UlGri3L4,Schools
recSltyhf0Vr2IeAV,Schools
recSn3NQDh4RXk40m,Schools
recSnjd0mTOsdDZy4,Schools
recSnlkRnEXoT1r7g,Schools
recSq63wvpIeZUwH4,Therapy
recSqC9TpCzydDALO,Schools
recSqp86F2msOznAt,Schools
recSqvAHAAKvus3Sh,Schools
recSr65tgSnUSrGgG,Tutoring
recSrIp0hPRPae6yt,Schools
recStSz3cDDBaRvea,Schools
recSwH272S12zCm4Y,Schools
recSxnKMrKk8oCt37,Tutoring
recSz6wFcQbTmLvLp,Tutoring
recSz6wFcQbTmLvLp,Enrichment
recT0IBiME6XULmm1,Schools
recT1q4WF8dnbKHaP,Therapy
recT2BNLw12eFRu8e,Tutoring
recT4AY5TQaxuHbI2,Schools
recT7YrMXNY0fKAN6,Schools
recTACkk8Jqgwuiv4,Schools
recTFJ2ukVfoiLidP,Schools
recTGNwfwgbzKHZZP,Schools
recTHL5B1DOUeaNuQ,Schools
recTHS3tC4CzdiSBp,Schools
recTJ5aAcrn3MxMxV,Schools
recTJ8R6S3WYu3PMA,Schools
recTKHnN5x12qMRYa,Therapy
recTMyeUPqJ2OzlZC,Schools
recTOe3IE01AxPRl0,Schools
recTQjp0O5UT73xYs,Therapy
recTQp2tAJ4RS9brr,Tutoring
recTS5bmnpoWifOAr,Schools
recTSMECDHFIdlKcM,Schools
recTTeA4bQNpJ8dOc,Schools
recTUVtZ2ApayfEFj,Schools
recTUujGjGgWO0JXq,Schools
recTX475JDcbNNp0s,Schools
recTYc3XZCSljXpDy,Tutoring
recTZLMk368Qk6jtW,Schools
recTaDTPpyS0a2Y4m,Schools
recTameYCSCdKup8c,Therapy
recTefJiSlCU7KTzG,Schools
recTele5g3NpsbjV4,Schools
recTf4zeOgPRXwUHr,Schools
recTiGjHhjuvUWnBy,Schools
recTkL51SgT3p1w1p,Schools
recTmU4lOyqH1m5rG,Schools
recTp8T2CkFLzIGzC,Schools
recTpQ4KdOVtMrPuz,Schools
recTq7a9tA0MggUEq,Tutoring
recTqMSjvSqbLHIos,Schools
recTrXOvnVb9wYG8y,Therapy
recTtAorCbFDpiOiF,Schools
recTtiJdH9LerskIb,Schools
recTuYOak9iytJeGX,Schools
recTzyesAUJm1qgKj,Schools
recU3FmVs0MRKq606,Schools
recU3PWK2wQ4Ou7gK,Schools
recU5WyahlZzFvGnI,Therapy
recU68RCedAeue2vS,Schools
recUA0y2nGWfajf6q,Therapy
recUA0y2nGWfajf6q,Enrichment
recUCj6lAOW8Xv9QO,Schools
recUDbOvgPYINQmtZ,Schools
recUEAnE3X8SQl9FX,Schools
recUENzyM0YSPJyOu,Therapy
recUHepSEgjjjtUDl,Schools
recULl9p6uOmemkuK,Schools
recUNTsA8J6CMt16h,Schools
recUSB4xGSsoqjN1Z,Schools
recUTVxvoMV4AVcQb,Schools
recUTdeWBfAFewdaN,Tutoring
recUTvCsURUiD7Kgr,Schools
recUUxSk5wS4h8P9C,Schools
recUW22JTwZGLspFD,Schools
recUYObF5ucOvyFW6,Schools
recUZThNJW45YheL0,Tutoring
recUZsKUrwocSYZER,Schools
recUagVFk0S10CFvN,Tutoring
recUclUuMy391uRub,Schools
recUg6YJiCI4OtOOe,Schools
recUhhttQzn6Y2pP1,Schools
recUmyilzalHW3vAj,Schools
recUqfC9kjzGeAKpe,Schools
recUruej9GpQNGGy3,Enrichment
recUsB7jGtxhrJPDh,Schools
recUsBK4nGkcLoNNB,Schools
recV0cUFEfSUUmaSV,Schools
recV2hx6S9SKyxQxU,Schools
recV2wWciIdcRA9aD,Therapy
recV4j0rx0pvPLiQg,Schools
recV7n3B3a73oVTPy,Tutoring
recV7nmD65ORqCp6s,Schools
recVDSKzwggLDOUoI,Schools
recVDs9zWtGlNGwKj,Enrichment
recVGLiCY6nOUadfj,Schools
recVGtgsZEolE7toe,Schools
recVHGcwmTkrTSgbl,Curriculum
recVHcxIITfrSExct,Schools
recVK6k8JE12fuO2k,Schools
recVKLCV2abvVNeYJ,Tutoring
recVLCN2R5KAI6ROk,Schools
recVO1NMhWdCTRT3C,Schools
recVTttmz1UzlMios,Schools
recVUX2WSbcAatyUB,Schools
recVWL98buSNd0tuh,Tutoring
recVX3M5FLElUnuyb,Schools
recVY6vMf2Gqxvye8,Schools
recVYcrXhy9nmO8o6,Schools
recVYhiXNeHyPDkLC,Schools
recVYtZruXjSw6KeE,Schools
recVZcCsD6d6hqAjI,Schools
recVaCkqO66qSoy6l,Schools
recVevbJbSlvVjBhC,Schools
recVfcWuduxhgS3YH,Schools
recVgxCXE6LoX7mJO,Schools
recVjamNfyj4xuAvp,Schools
recVk771Zrhxnh0KG,Schools
recVnQxMZI3DlSBcY,Therapy
recVqdoD1f3XKftij,Schools
recVuLaoDmafDs2rD,Tutoring
recVudHmg1ealVLzu,Schools
recVxNz4dX3S8Q7DB,Schools
recVyNUoIJgrZGoJW,Schools
recVywBrkI7hvtk6Q,Schools
recVz1bs2dca87qw2,Schools
recVzVcYzBHEH4y4f,Schools
recW3H1otqn24OHCY,Enrichment
recW5g02hKpaPLDGr,Schools
recW6Y8AkwFzMSo2Y,Schools
recW6pB3vAkYpXwK6,Therapy
recW7smb2vB7MkooD,Schools
recWBv76cqmIYI2mB,Therapy
recWCHK63AjUgFuGs,Therapy
recWFJTr71SOg050L,Therapy
recWIVYUqwPfmrH2W,Schools
recWJQ8xEmt8oUTE0,Schools
recWLJP3xu5qV63gH,Schools
recWMzFbxQhfRNEuM,Schools
recWO5W0RYljrZjGM,Schools
recWOoHbPwpWDfLXq,Schools
recWQrfIv7aGX5Cof,Schools
recWS4ejzJGDlaJf2,Schools
recWS8TqMWR0IsBiq,Therapy
recWTA6GsXYYZXjiY,Schools
recWUGeR5M9I9V2ml,Schools
recWVE2vUDZKjWfMo,Schools
recWVP6yeIbuGQy9Y,Schools
recWWwQefVC5MbaPG,Schools
recWYFEUHHUNp61OG,Schools
recWYOAWapLk5zbVI,Schools
recWYsfI4jahpCfjZ,Schools
recWd8iDiMHrb7k3v,Schools
recWdMxnv1dvzdhoW,Schools
recWeNLBnhrCx13M0,Tutoring
recWeZvsgQXEzGZDK,Schools
recWfqVa6NnO9eUrP,Schools
recWhRVmnkem2faRh,Schools
recWiRGe7S6JThK2Z,Schools
recWkBWMb3vxhwCh5,Schools
recWkUSX4BJAhCZkm,Schools
recWn9fBVy9HRe2lk,Schools
recWp4UfBJoxmf7M3,Schools
recWpE43dugNLUJ80,Schools
recWpjeuHcTFYoDXy,Schools
recWqC81MQz5hgCAs,Schools
recWqH4niiKfgjlpg,Tutoring
recWrW9cIcyftBgb1,Schools
recWsuzzoFBpjh6BE,Schools
recWtU3UxE5L0oyPB,Schools
recWuPKfF8OeyZIjV,Therapy
recWwaA5qgovPEDHA,Schools
recWxU96dtUnyvUfz,Schools
recX0usW3MoN6CdUY,Schools
recX2bBOqCXyTfUcH,Schools
recX5tz2T8RGU1s9w,Schools
recX73575vvuaS7V6,Schools
recX7975eixSlVD4e,Schools
recX88v9dajrSWwcB,Therapy
recXCqiakR3IpvjGF,Schools
recXDhbjNJsFqQjki,Schools
recXEA7SNh4I1KCg0,Schools
recXENDgQAEsdJW90,Schools
recXFLTk7X0Kn1aMt,Therapy
recXG4Q4HdZlaTwWX,Schools
recXGy8UoQFtNRRlj,Schools
recXILMfT84NYgZ2N,Schools
recXL90cXKowEqsaq,Tutoring
recXLdMORg9gnF3hw,Schools
recXOajuz4SIAJhAr,Schools
recXQQHf7rV4rl9ru,Schools
recXQrEODTy2faJu9,Schools
recXQuc9yjc2kAL8p,Schools
recXTmQup95a9B9o1,Tutoring
recXVgXpxbWR6sH6E,Schools
recXVnbSNZ0Wz3MsX,Therapy
recXW5vA1UcrhtqOE,Schools
recXYdeQORnJMZX5g,Schools
recXYoYH2woqtBN8W,Schools
recXYojzj5wdkHqPF,Schools
recXd3s6QFBkzybj7,Schools
recXdMTi0htBA4HNR,Therapy
recXdOe3ZtcHnWGWt,Tutoring
recXfZkR2P2EPjnZh,Schools
recXfiFZXGJoPUEXx,Schools
recXgWV8c1idCW44t,Schools
recXihmU3OvteKFZb,Schools
recXkvD6OfkAAM9m2,Schools
recXqI9MjJzYIyEiH,Schools
recXtziqaleZqMtk7,Schools
recXuJDAxOUpn2LuJ,Tutoring
recXvEgpP5JRXIytf,Schools
recXw6R6qVkuzlkVU,Schools
recY2QZE11ebocqYC,Schools
recY2pz3kE96KK6WI,Schools
recY5EFgDRImHueAt,Schools
recY5xb2gjMKpseN6,Tutoring
recY6KwPfYJLtfb4N,Schools
recY6xIgalRqvA4dM,Schools
recY800C88ZBp98YV,Schools
recY89lVbHTZA7fjX,Schools
recY8nmgGG9OACNSl,Schools
recY9eTz0gconFP7R,Schools
recYA5nzOTfWiKEtt,Schools
recYC86hiDsFs8L6f,Enrichment
recYDPmVoKzPkOe7L,Schools
recYDc07Jw5snqe06,Schools
recYE7DGnTKmeMLuF,Schools
recYFYeRO1U66IEBZ,Schools
recYGKwhVywywsqdM,Schools
recYGbQJmA2M9RNPq,Schools
recYIx3HALRsVPEh1,Schools
recYKBCslPEEDnnb9,Schools
recYMPm2W511upKw2,Tutoring
recYQPsBwZNq8wDPL,Schools
recYSm5RReUarbWjV,Schools
recYT8rHWYDkDIA61,Schools
recYUvsTwYmA570lT,Schools
recYXlRrZbbaAT0qZ,Schools
recYYbmB64wwjrmnD,Schools
recYYh86BCAIGpxOm,Schools
recYZFzepYfeD9J3Z,Schools
recYbHasdtzRSVuUY,Schools
recYflRCml6P3CkOi,Enrichment
recYgY8oQNAeouELX,Schools
recYhAanRXfFz4PFw,Schools
recYikT5kPDPW6UAk,Schools
recYikdb15T2JccxH,Schools
recYjjl7Q0xoyYr36,Schools
recYjt5el6FXtKTl3,Schools
recYrpgMQL7q0DwQw,Schools
recYsVgglX4oi0nmy,Schools
recYtjteuHKyvFjUo,Schools
recYvOmTpyBsUQAFZ,Schools
recYyEL1jJdhs7GGA,Schools
recYzh4ZccN5fqt7Z,Tutoring
recYzjyXFwqKqt1zu,Schools
recZ0afLHDVoWCzPv,Schools
recZ34JZpl94ScLUk,Schools
recZ4qERUTUCXUfvP,Schools
recZ5QRv9QcHjfnsu,Schools
recZ7qCLCexki5asi,Tutoring
recZ8RsmcFNwlq0Y4,Curriculum
recZBvoE9l1WphhRB,Schools
recZFwUmbcdU3Ea08,Schools
recZFynJMWKfgY5qD,Schools
recZHNvHrTRDEPnMe,Therapy
recZHsjYTuGAphuhJ,Schools
recZIdhw9F63nFnJH,Schools
recZM9Hx8mAlLZDoV,Schools
recZMoOmrwoat295f,Therapy
recZPLh1q7OxCsIwY,Schools
recZTJyIHqVExSCGB,Schools
recZUAr1tsSgKZDOw,Schools
recZVT20nskNULiWK,Schools
recZVdDW5CV9rxV1r,Schools
recZXDmZq6Afb21DJ,Schools
recZYt7yo2cJ7xhB7,Schools
recZZfsp4FQn0tK8z,Schools
recZaeuAq5DRGTi6E,Schools
recZbHxZZ0jLnSi8x,Schools
recZcMZBLYhC15InM,Schools
recZhnNmt5avRGBwh,Schools
recZiScpVaomrIDZt,Classes
recZizLfOq5LYnRs9,Schools
recZkEZOKSi2UEHAd,Schools
recZlbY208dr5JKCK,Schools
recZqmUcPVrt7wLSc,Tutoring
recZtTCBTbfw0vyeu,Schools
recZv6PcH5o96NVAd,Schools
recZvb767p8aYEaAI,Schools
recZxO5OmVG698mYe,Schools
recZxRSxChUn0re0O,Schools
reca8JOqv0FwGrfLd,Schools
reca9R76l6GRUwQCp,Schools
recaBp7KA5E9jbSpE,Therapy
recaDLUNu1XnyYu2e,Schools
recaDZyjdoTjcHeMr,Schools
recaEt7hxilCTgOns,Therapy
recaEt7hxilCTgOns,Enrichment
recaFRc4KlzyIc8zn,Therapy
recaFysJHeIPYZays,Therapy
recaHzy9ukh3WnJyx,Schools
recaKpxxffRbaFfXp,Therapy
recaKpxxffRbaFfXp,Enrichment
recaOjt51XFczd1Xr,Schools
recaOnRYbIIRGNjdn,Enrichment
recaOnRYbIIRGNjdn,Supplies
recaPtCURqp5gtcYd,Schools
recaQThmGR4q7cdZ2,Schools
recaSqrNWQIQvhrfK,Schools
recaTc4aMcIO8Ca7K,Schools
recaUd3CVk13Dy6k9,Schools
recaV17fmx7iljXrF,Schools
recaVwwTcx58ErL8Z,Schools
recaW0bnDpHY8Y6zH,Schools
recaXVQ7RFg9akhye,Schools
recaYax1CVO79ccCg,Schools
recabCaKREpJaNQOD,Schools
recad96Znix6qj9Hf,Schools
recaeJhLTSFODEABv,Schools
recai0kfx2K2Iz8Pl,Schools
recaikYGdDJKdeDPh,Schools
recairnzHc6sqLzib,Schools
recalPCog8xmdH0To,Therapy
recanv6KnlZFJI5b8,Schools
recaoCAG1yRE5nPz2,Schools
recaojGdzEwbbkYTI,Therapy
recaovvBPorf5Z0qC,Therapy
recaovvBPorf5Z0qC,Enrichment
recaqdHRyFXkzKQVX,Schools
recaqh7DIb53agsZy,Schools
recaqrJPF5eCsPRaG,Tutoring
recaqvPg6I9cA8eZF,Enrichment
recarwHfQDhyAp6vA,Schools
recas5lYY8WrRIyS2,Tutoring
recasjmJohHvkDWBM,Schools
recatnYkdE9t8b7ai,Schools
recawd4n2TeYf9VAw,Schools
recaxf4X7RShQ43hb,Schools
recb2bjWKJCvI5RxY,Schools
recb3WI0s6NYcuTOg,Schools
recb5JwlC9ZxtONCE,Schools
recb6iaanaaImfVQZ,Schools
recb7RgynQncXqOoc,Therapy
recb8zfeQPCTZ9RBH,Schools
recb9vRB0WrD4LAEL,Schools
recbDsRPIm7ViemFW,Curriculum
recbGsVUOxddrLRY4,Schools
recbIR3Fo51sIFNkE,Schools
recbIkuwcSt4JAndH,Schools
recbIxQ3LbHTFQwjC,Schools
recbJOjMs8irTQ7TF,Schools
recbNuIcmg8Tlsw3z,Schools
recbPOpMMj6hsbpIc,Curriculum
recbPgQpFD4xtbfDC,Schools
recbRU0EByRlZz6Fl,Schools
recbS7LzT1zx1gD7h,Schools
recbSGfTgkA2oDgUg,Tutoring
recbSfjHXGNH01Ely,Schools
recbUmjOjsI5fiGGa,Schools
recbWP4jA5KNsOayF,Schools
recbWTIIWOrA4WTID,Tutoring
recba1YwmlpYtZsRd,Schools
recbbBwOcS2TVtGAQ,Schools
recbdIFzqVwTh5EVS,Schools
recberCGBEtgZxU5Y,Schools
recbfNKKzXeQqnmsU,Schools
recbhryL4wcs4U0ri,Schools
recbj5fZ6N2gfRoLZ,Schools
recbkgaASc9ufWfy1,Schools
recbl2YLgLFoS9rcA,Schools
recbmujE2jkPB6Jws,Schools
recbnf8ZPoKCTPfJg,Schools
recbpV7ztKhm9Dd5N,Schools
recbxivyXSMPvcRzX,Curriculum
recbxivyXSMPvcRzX,Therapy
recbxivyXSMPvcRzX,Classes
recbyBri4rht98h64,Schools
recbyRvEkrZPLoERc,Therapy
recc0a5V9FdhSXmHg,Schools
recc26EA4nCuaaQJL,Schools
recc67ahK0ID4QohG,Schools
recc7HEduBjf9ofD5,Schools
reccBAPVw3P0gDBuR,Schools
reccF3K02Iy8kkqNC,Schools
reccGKCbWTyWGXEtk,Schools
reccHti4FIALufupF,Tutoring
reccHti4FIALufupF,Enrichment
reccHti4FIALufupF,Curriculum
reccIiBZHbaaAJTID,Schools
reccJbMYJ3lHsv1zj,Schools
reccNOPaHYvFun3P4,Therapy
reccNOPaHYvFun3P4,Tutoring
reccOuuEoAjkTxvxL,Schools
reccQdqDsCQqQEz8T,Schools
reccSBGy6Pnswmyrp,Schools
reccSncCPpiEVKNg7,Schools
reccTZjMZQJX6tLPH,Schools
reccUyR62s3l0yngV,Schools
reccWIgIZUgFp0dEf,Schools
reccY5Ixw1SJv2nPA,Schools
reccYLqTwPcwFp5QQ,Schools
reccYQnaytvzPqA6Y,Schools
reccZqBa2wHJaCd7q,Schools
reccaPxNT2D3m85CI,Therapy
reccb7bZGO2piuTUg,Schools
recccxPX1Ws5cliHg,Schools
reccgJYSnWnW2Yxab,Schools
reccjbJWptMfurX8d,Schools
reccmnacklUQPWajS,Schools
reccnNiWASBr7SoWL,Schools
recco10TiFRuj8m8w,Schools
reccp2uQYeE9tJhy0,Schools
reccpORlBq4HHs5BG,Schools
reccpwBnp2szfS9I5,Schools
reccrlhp6Hhed6kz2,Schools
reccuudzh4uHCtZQd,Schools
reccuygRGUFPYHo7o,Schools
reccw4i3Z1CsxPon6,Schools
reccypmmpf3qIVhTa,Schools
recd0JEdKsIMYJMmL,Schools
recd1ekqi8pgo0rJd,Schools
recd2Kk1KdHQ9Rdtd,Schools
recd3VRfL0awGjwwt,Schools
recd4EjjiMcRgtEjc,Schools
recd504EGjjugDMHZ,Tutoring
recd504EGjjugDMHZ,Classes
recd504EGjjugDMHZ,Enrichment
recd504EGjjugDMHZ,Curriculum
recd664udpABHiDWs,Schools
recd6OnE5bJTW2u7U,Schools
recd7hyBhTWr12MZP,Schools
recdAPL6MoL95EuYo,Schools
recdAa3snvgUmxXtH,Schools
recdB7khMpNXgHzGz,Schools
recdCamVct5QzGcNC,Therapy
recdESWr2fvyJU0oj,Schools
recdFWHy0CbdBye2z,Schools
recdGRgbnM5xAF1jf,Schools
recdHxmr9fe4g972S,Schools
recdI1fbyvp9m93LN,Schools
recdIy7qH6xc6U9rw,Schools
recdJvECH9dVUdqpF,Schools
recdK67uBH64af3zk,Schools
recdPosQmv72yybeL,Schools
recdSRAWvtlcvDSOv,Schools
recdZ7xKF4TSsnetI,Schools
recdaAqcEk7IJ5Ba0,Schools
recdaSqtmKD9lR74d,Schools
recdbs25pXNS9jopT,Schools
recdcI3gdcZuyxdb7,Schools
recdeHRuFRv1YSx9W,Schools
recdlUQmLZTYNnvul,Schools
recdlyKZERkeZINeE,Schools
recdmIAZNo3mPylkE,Schools
recdobUC6bhX3ZfAQ,Schools
recdrJMNV1IimewJ3,Schools
recdtKv6SiRnd4VJh,Schools
recdtd7QaG08fMqRm,Schools
recdwG7w2H2eGa3En,Schools
recdxb2I0PmkilHpv,Schools
recdyJ1crRehFD8At,Schools
rece19fL2tnwRR2o8,Schools
rece2sj95dMpPSEQ6,Schools
rece3Um1vAeoh6fD7,Schools
rece5MWnwJvtXpYdQ,Schools
rece5dL0QhBfjMbu9,Schools
rece69fXBBX7ok0av,Schools
receAWXVZzpBtuSrC,Schools
receAdLds9gDm67fG,Schools
receBI8BAxCODds4r,Schools
receCO250eKawlap1,Schools
receDOZAvRuj61ZyV,Schools
receEko1NCjEXcDOy,Schools
receF2SNouap6hDeN,Schools
receFxOcjRUIsRorb,Enrichment
receFxOcjRUIsRorb,Curriculum
receJUZK9XwpdFnmO,Schools
receL9WCpm69uM7hi,Schools
receLD3JUi0d7CmPo,Therapy
receM56w5G21B1OqE,Schools
receQNkhLZUiVBTRg,Schools
receRy2DmjX253D5U,Schools
receSHzo8pQRM0gau,Schools
receTaSo8o3Aj7Q3E,Schools
receUa4iWObbJD9rG,Schools
receWznV4oRLfSDkK,Schools
rececqIrUXdC34aqK,Schools
recedyfbJTMEDktqt,Schools
recegQo3uv9V4rPG6,Schools
recegcScCySxAtg8v,Schools
recei16gKbKk1zgVt,Tutoring
recel3SPvpBQLQmB9,Schools
receoKCc2nNn6d7GW,Schools
receoKrLnvOPpH3Un,Schools
receq4A2i96Ny6orf,Schools
recergLNpKgYpdUzN,Schools
reces3pCxbSOpxydE,Schools
recetRdiaGwT4KfAC,Schools
recewTHXrJoDMc3xt,Therapy
recewd6m7kaSaIuBW,Tutoring
recezVlM5x5cE8vWG,Schools
recezZC0wv4LOI0ro,Schools
recf0UvhD7JNl125g,Schools
recf1fFH6xeYCK91S,Schools
recf3spVZzPjv7ENN,Schools
recf4889yTmO5e6VL,Schools
recf7ovNAFGT0BSrj,Schools
recfBAdGhrMKcOOEJ,Schools
recfCohH3UM9h9zFa,Schools
recfDh1UeRpmrEQp9,Schools
recfFD2xC5fmcO3wT,Schools
recfGdCN862ynTE9c,Schools
recfIkB0hJ8fmZAZ3,Schools
recfOlNNurvgbiYVf,Schools
recfQyZDA4ohKl3FE,Schools
recfR5HYospGueawp,Schools
recfSazWhPmXZXxmt,Schools
recfURixju0q49Rct,Schools
recfUSkHLIpV0LKiJ,Schools
recfWR71eCMNQDynm,Schools
recfWzdlrMcGtOrZk,Schools
recfX7TkoFYMRqxSq,Schools
recfXULrZZn4UNdrN,Schools
recfXnd2hkTmKC0k3,Schools
recfZOxFT4C78ltHS,Therapy
recfaD06mgXfaMqfh,Schools
recfbpiFefnKo6Kg6,Schools
recfbxhTu0Vja26L8,Schools
recfeTNw6pqls8o0N,Schools
recffgavg6VfBHcpZ,Schools
recfgzeo9Mo2xzoCo,Schools
recfjyp2TYgMYz50I,Schools
recfk9kYrE0myFXB0,Therapy
recfkLEshUl5KbYHt,Schools
recfkNvFp9vsFR7EA,Schools
recfl4fKiCqNX0tUO,Schools
recfnMG9NxxHOcR7f,Schools
recfom6snSygX46rI,Schools
recfq7SQ1Jk1fD6jb,Schools
recfqx8C9fOc9m8M8,Schools
recfsACS9sF6Hl315,Schools
recfw6tvjoPeyLULB,Schools
recfx1lWEXiVS0e6L,Schools
recfx3BcuwQDFXPlT,Tutoring
recfxTwP0ethMYdEh,Schools
recfyzVmvKagctJf8,Schools
recfzIP2Jg5zUvwmS,Schools
recg3p95P9sMYDzWj,Therapy
recg48fWvqYHxn8cn,Schools
recg5MpcRfDE8F817,Schools
recg5zIC9aHJWaw0i,Schools
recg6bgcTDZUwwvzz,Schools
recg8vwmnIHBdJLRM,Schools
recgAKmWI6t6uzLE0,Schools
recgALYfYRvXkbLlM,Schools
recgAUztCJNlUdk9z,Schools
recgCXtAfQDsyEkyH,Curriculum
recgCePPc7AUWvvw8,Schools
recgELNMAt2Ndm9SA,Schools
recgF6PyXfdXcUfv9,Schools
recgF9Ly375k9IGan,Schools
recgFdU8vPMRfCcbr,Schools
recgH6Vl27LmEu1pi,Schools
recgI8F54KkJtDaLB,Schools
recgJAbVDz4XBhbO0,Tutoring
recgJXQ3cjq1GOq8D,Schools
recgKGhfgmoYEKwi5,Curriculum
recgLlehQYmGZaZET,Schools
recgM15MDWVXjpF6H,Schools
recgQ3Pwwi1YdEEaQ,Schools
recgQBNCCkfDisxxr,Schools
recgRhnkXDWjpNW6Z,Schools
recgS4Rq06JTHlued,Schools
recgS5sae6tqU5ePr,Schools
recgU8O3I3qGiKbUA,Tutoring
recgUeQiM1OEiMYLI,Tutoring
recgUeQiM1OEiMYLI,Enrichment
recgUeQiM1OEiMYLI,Curriculum
recgX483ZqJghjttH,Schools
recgX8NvtCYj9kcms,Schools
recgZ4gteobVFVYME,Schools
recgZlexX32N9v2vP,Schools
recgaTJNP3D2BmohA,Schools
recgbBlElE3VXKlaC,Schools
recgdJaE3PMoIv9lL,Schools
recgdi6FIMLW2W05k,Tutoring
recggiRtbVKKOdhas,Schools
recgiaT2zFYBGat3j,Schools
recgitlenCcwaZwpd,Schools
recgj7aKqGDxecTqM,Schools
recgkY3djbXcmOqhF,Therapy
recgn5kuWLDi9jypD,Schools
recgnMG51WBrkvQli,Schools
recgnctKkRxjy3cEq,Schools
recgs0xJZS2vXvQPU,Schools
recgt0Sx9eDMITZhd,Schools
recgxk9Tcd6ZGYNJn,Schools
recgyTWTFjFKOVTIz,Schools
rech0By7kHjbDSXfl,Tutoring
rech4OZpW530Ai8W0,Schools
rech6YxttwrzYJVHT,Schools
rech8457SAfQhO4ms,Schools
rech9IsfRslo5z1YN,Schools
rechAystQBQPB8lHJ,Schools
rechCvQmBAIxtkBUp,Schools
rechGK004DDzBeM0d,Schools
rechHKk9LZoNivbTq,Schools
rechKAsQhIkRhmE4q,Schools
rechKrJYBjExxGEs2,Schools
rechLL97xBKdNUiXm,Schools
rechMPwUX3lFNla5d,Schools
rechOXqfNCEpNK3EO,Therapy
rechQVzPG2eSbmobT,Schools
rechQpJJ9ifaE6JJ1,Schools
rechTwJDDiSwnUPMD,Schools
rechUZ9oKAfh6jlBJ,Schools
rechWkbRHuEwWevR5,Schools
rechWtHeKAimzRaZW,Schools
rechXYHKfduPeF17K,Schools
rechYc8EhYQ8DyIJN,Schools
rechZKiAtbofxiGg3,Schools
rechZLxR6IxosT5hR,Schools
rechcCiOwHYEDuLax,Schools
reche7NjUvommDEba,Therapy
recheHfBNuD3M4oEI,Schools
recheo2SnWEPbdzCx,Schools
recheqh6j7bBuF1XU,Schools
rechgd0bFLnpsnF5w,Schools
rechjeTf6cV8EOfYZ,Schools
rechl17OBmwLw3z2O,Schools
rechnopCYosPQlzdH,Schools
rechq1jx5u44iYNIh,Schools
rechrLXa7grPhdkRr,Schools
rechujdh3xCzN9QNx,Schools
rechwW2px75OnrZDT,Schools
reci2QWLFEyfyIjaN,Schools
reci2i93evzg0Q6bC,Schools
reci3YCPWUevGd2RA,Schools
reci3dtVIG9me7SCp,Schools
reci6FXPBWonZKcvo,Schools
reci8wsGdohESN5jF,Therapy
reci95QCMCjJTsLHM,Schools
reciFswhwpNrnxilo,Schools
reciFt4cDbTLe1HNh,Tutoring
reciGARTByuO2gb0J,Tutoring
reciMFaWHnnVCHqQy,Therapy
reciNNPsOtR9JISd7,Schools
reciQf6qskbJ39LLV,Schools
reciTNzHFbfsRZgs9,Schools
reciVVw1vwyrjkMsf,Schools
reciYw0oOWBFRU6qv,Schools
reciaFlwbOXcg4hHK,Enrichment
reciaFlwbOXcg4hHK,Curriculum
reciann29Boc1KimG,Therapy
recicR47YF0thvSB9,Schools
recid4HvD0F0Nd4Ea,Schools
recih2zea01uCBk4O,Therapy
reciiUhqKQFs01DPF,Schools
reciiVBl3GliXVOZb,Schools
reciiXXU1VBX53L7H,Schools
recimxhUpEuTkORYY,Schools
reciqamGRdlYIoYDS,Schools
recisgNDbsHa77PUZ,Schools
recivyKOWwGXI53E9,Schools
recixYDAVmP3pbZKO,Schools
reciycq4wR67ZGEt4,Enrichment
reciycq4wR67ZGEt4,Curriculum
reciydPXMzPDy6kB2,Therapy
reciydPXMzPDy6kB2,Curriculum
recj2X56Xp6XFIxFD,Schools
recj3rCYKzLPTMsXi,Schools
recj4qJaNH3wjxVh6,Schools
recj6YcfNrvqxGmCu,Schools
recj7OjGgNxBhncXp,Schools
recjAox9uZDs0bXml,Schools
recjDFAYnWEyiVQde,Schools
recjF2GWZB25wMhnd,Schools
recjHAq514nZYfKME,Schools
recjI1JQwLq7wZw3B,Schools
recjJBz6yKnwHBelo,Schools
recjJYal4kYtf0vgu,Therapy
recjLtUewupyEvoKe,Schools
recjOoMFWaREWUfr7,Tutoring
recjOoMFWaREWUfr7,Curriculum
recjPdA1ywlIkR4NS,Therapy
recjXaBOiVfjdfkjO,Curriculum
recjXaBOiVfjdfkjO,Enrichment
recjYBUITx0Cqk6KF,Therapy
recjYq2Rv8tLCfuJw,Schools
recjZMF9GCIZaoBxP,Schools
recjbIMU7MO98PwBV,Therapy
recjbKajGKiM8GTyU,Schools
recjc86D9wNHyhpYV,Schools
recjdXXmRvc3rupXj,Schools
recjdjs9ILEal188a,Schools
recje3a2MHYc0aSjg,Schools
recjfk7Xc7CzIpvbj,Tutoring
recjidbG0UFqyJ0EF,Schools
recjjfENHoMGQuhJ5,Schools
recjlKWntrNstsr0s,Schools
recjpBNCotaXDsghY,Schools
recjpG70yyPQxcffa,Schools
recjsUxhJR6jTVlXQ,Schools
recjsaza9WvGKAJ1h,Schools
recjtE3nFZgSZ30cB,Schools
recjtT4faKm0Qr19U,Schools
recjwqefMrF9YrgLY,Schools
recjyCnYkUve5s5P0,Schools
recjyoZ0mdxYuY47B,Schools
reck0t6bvT5Yg7opw,Schools
reck4VTkHBnH0plKJ,Schools
reck67KleaaHvbJgE,Schools
reck6aHp2g9HGJ3rl,Schools
reck7LhemsUewJRO7,Schools
reck7dZqBETuA3umZ,Schools
reck88EXkztVKdgkY,Schools
reck8H1euz5tRykH8,Schools
reckEqmYgU3njipVf,Schools
reckFoOzkJtimfpyu,Schools
reckFsRGKl3ap4nYT,Schools
reckGD6xnMRm6o6Um,Schools
reckGODNC6EEqwb1J,Schools
reckLQbQwq3Viajk5,Schools
reckOruuvmdGB38vq,Schools
reckR8KrJH4FkCRfW,Curriculum
reckSGNcu8B4yTwFF,Schools
reckSnMJfzYRCh4VS,Schools
reckTVJYM8boL2b83,Schools
reckU0BeWy9WkaI2y,Schools
reckZnpnG2a2mGbKm,Schools
reckamKBAJ3uUwUSe,Schools
reckbe69uEM0pJtTQ,Schools
reckcPlh1mIRUkDtT,Schools
reckeCDccUNLKJvCn,Therapy
reckhUcnpcwGUzulo,Schools
reckilUhUT5m3NBvN,Schools
reckjq5w3lyc8ETiE,Schools
recklYBXQHBHfuw8R,Schools
reckmDRjm7DOTQIA0,Schools
reckn3NtpGR49OphH,Schools
recknRQjTgBwxHar2,Schools
reckpM6UmAkKDPl7y,Schools
reckqYnKpywwOEMrq,Schools
reckqnVrl2ujCqErA,Schools
recktdSjHlAyPm2aF,Schools
recktsKUDlH6VtQum,Tutoring
reckvNlRGZ72OVeTT,Schools
reckxiEDnL9SuBGcO,Therapy
reckzelgnF8z8Zgl3,Enrichment
reckzelgnF8z8Zgl3,Supplies
recl03PBilEu95kSL,Schools
recl0oZRjlh4Ty0Cq,Schools
recl38JAHXc26Xfar,Schools
recl3TJ9NGmtdaV34,Schools
recl56fbTYDf89Qgf,Schools
recl63xUo1Z6qJrsm,Schools
recl7JuCt29aVdQLD,Schools
recl8JLqm8IpjIsKQ,Schools
recl95NtTLrykhIsy,Schools
recl9X9chXhBs2Rw1,Schools
reclF0mHd6bNEohN8,Schools
reclGIWnVJNU0IbLJ,Schools
reclLdg7Pl0qsRvhC,Schools
reclMA8lIG4yD81hg,Schools
reclMhGBr1ZgzRJPh,Schools
reclNwRChGNOKK0Xt,Schools
reclRz7Gcf6D28FN5,Schools
reclSFzESggYjfgUt,Schools
reclTKE4yiupk60Zu,Schools
reclULlO9jYJODT6B,Schools
reclVd6HS5ox3M5Ba,Schools
reclZkAANn1k06SEE,Schools
recld4hIOubwqADnu,Schools
recldPGAYvl4a1Txc,Schools
recldw9zA02iUHFbT,Therapy
recleFifvW2GSQpl7,Schools
recleilaqpZBr5Xrs,Schools
reclfCT4SQMFvQjaO,Schools
reclfIMwVVA153NC2,Schools
reclgWo9mNP4YLfji,Schools
reclgtdFznnQN9VFE,Schools
reclhVTaSlkbFRqyF,Therapy
recli6D509eHt9wBC,Schools
reclkl73MViyd934h,Schools
recllZzhpVhqBkUHn,Schools
reclrRAuvaZGOfEOb,Schools
reclsIZeB157l9O1K,Tutoring
reclstb2QgOrGoL3o,Schools
reclvFzu6cdNqk42W,Schools
reclvM9QmclDDUjtt,Schools
reclzKartTwsM4jbY,Schools
reclzykm92r1XfmrD,Schools
recm1o0SiL2cy0hUQ,Tutoring
recm3NOw6X63bYmBJ,Schools
recm4KcCbmNrAa49R,Schools
recm5Pk69kYfqh2Qy,Schools
recm7ImcfuG5zllkb,Schools
recm9jVJsk3mqWHIX,Schools
recmEUByBWJGoN69p,Schools
recmEdM6LxRmmhaaW,Therapy
recmFZISN4qvHavyq,Schools
recmIsr4d713Texju,Tutoring
recmJh3CBR05C9K5n,Schools
recmO9iDxOiCPIOwP,Schools
recmPfpi8CsHWXNBf,Tutoring
recmQ3HGj3D89OwTP,Schools
recmQoFEakx2fK4aq,Schools
recmQzX1PqCmzEWI0,Schools
recmRh7SGDd5a8MjA,Schools
recmTI2uJgH5M0Qin,Schools
recmUCLSKEosi2F9s,Schools
recmYrH0wX2N2OCNM,Schools
recmgLzw5AgHuJTJO,Schools
recmgoawmeb7aNQZp,Schools
recmqquQV6cxpkmoc,Schools
recmr3ylfZHnqg75N,Schools
recmu153XuXuDVaz6,Schools
recmuvgFTjSJHAM6J,Schools
recmvMmmLUu31etzR,Schools
recmwdhG1DYXNIrY7,Schools
recmxYG1jE4E3IoPl,Schools
recmyBoLRJbeQiChg,Tutoring
recmyT5Ug8G2EZuvV,Enrichment
recn1cfnYDMpnEhN8,Schools
recn2Z6KjlLdPEyys,Schools
recn2uJSsFlu1QvOc,Schools
recn3QTiTWlUULlHP,Schools
recn3w3LWoC5vT3R5,Schools
recn40spO6zkvPcvC,Schools
recn4qaIV99a4srGg,Schools
recn9Mp2Y5n3IvVS4,Schools
recnARMI6t1umiGAh,Schools
recnBLE3319RFTuol,Therapy
recnBLE3319RFTuol,Curriculum
recnCbVP8ApqgbdOI,Schools
recnFOc7hkrULC9zR,Schools
recnJcrjPLYAXTkxB,Schools
recnJdjtQkbN6MJly,Schools
recnKYzC2VDkTDffA,Schools
recnLOfF48W3huaEH,Schools
recnLmiy9JYqrCfpG,Schools
recnNS8tXB7GdiWVU,Schools
recnOrrFR4buPI8OA,Schools
recnOy4mxF9jxrEWR,Schools
recnQcIUAf0dqU4kJ,Schools
recnSZ9JSWMcQIsva,Tutoring
recnSwkISXIAL7t4j,Schools
recnTjCpad9R9E9MG,Curriculum
recnTjCpad9R9E9MG,Enrichment
recnU53yhflfn6w8t,Schools
recnWx9pC9lYmS6Xi,Tutoring
recnWx9pC9lYmS6Xi,Curriculum
recnWx9pC9lYmS6Xi,Assessments
recnXDYR2yMQtuWXs,Schools
recnYMRwStHr22elL,Schools
recnYj6V5QZEjFE8R,Schools
recnaEv2fbfhpwGZt,Schools
recnbSmLLwflresFY,Tutoring
recnfPwUqsMYIAq8h,Schools
recnhB1mRCdv2h7n1,Tutoring
recnhd35tVAjYb4FF,Schools
recnhg0PXUkhFrdZP,Schools
recnjHUxBKjRl51ST,Schools
recnjRFvLtCZ7wGIP,Schools
recnmLgdH8GtwNL38,Tutoring
recnnQ1O6DVfsw6yF,Schools
recnncgGfrVZlY5HR,Schools
recnp6li4cnHYHZCs,Schools
recnpDN6REsGuGbZD,Schools
recnqdn39SDvB9h1q,Therapy
recnqdn39SDvB9h1q,Enrichment
recnqz5j8OBU2enrb,Schools
recnrMBUYEzl31hai,Schools
recnvejOgmwRPMgY4,Schools
recnvygCmjzbxfdhU,Schools
recnwsBdEy3Za75vf,Tutoring
recnx6RUH53reuZyZ,Schools
reco0rekoLm4wQ9Zk,Schools
reco26xyHTkdTpOEL,Schools
reco41nJ4Nb3t2D5F,Schools
reco4kenvhMxLFetC,Schools
reco5LhBEGhLCCEP7,Schools
reco5of8yAYKQWpd4,Schools
reco661HuRIRR2RYh,Tutoring
reco6JOvk7AznCURy,Schools
reco8WLcHvbPutTiO,Schools
recoCsDZ4Nt8szbdh,Schools
recoH9ViSGM5RGDpJ,Schools
recoHZUoveQkwnErU,Therapy
recoJfZ3UFETJLH9P,Schools
recoLXZXbvKVI6kdx,Schools
recoLmUWfALHJuzcV,Schools
recoM9g0H3ZsvqpiR,Schools
recoOconBHNGYAfL6,Schools
recoOj2yNnwOE8sgb,Schools
recoQrat1RVGpfEwd,Schools
recoRHZfVFgrhvbsu,Schools
recoRUx3Gv36u0lBB,Schools
recoSsFdqljeonVk6,Schools
recoUCuzPL0lthr2e,Schools
recoX5izklD2oOQXA,Supplies
recoXA4te6jV7r4Ve,Curriculum
recoYHffG0rdebREM,Therapy
recoYoHgdijJXx117,Schools
recoaHR2FDExT7Koz,Schools
recobMdZfMvqWjYPR,Schools
recobqOM6VQaJHIAf,Schools
recofxPJRiC6DCjik,Schools
recogMilYeR2oB2RD,Tutoring
recoiTFNdqCsBvDLK,Schools
recojeu2cIugQ6htt,Schools
recojr6zfWq1agn4O,Schools
recomn6GfMZVeXGDF,Schools
recos68Qas16zhIIw,Schools
recovVLj8khlgqGTH,Schools
recovzGdrQTGdCEcr,Schools
recowVUC769C1bi1s,Schools
recownWXybr3anffn,Schools
recowpQ9vxuq7l94e,Schools
recoxOwaFo9y7S3gC,Therapy
recozC50SKj6V1Q96,Schools
recp0U1PT0UVk0lc7,Schools
recp10iwt6n9ZuvAG,Schools
recp2fYMnsj8xYow5,Schools
recp4vNOvhIw7l5eD,Schools
recp6dpxExf4xImUU,Schools
recp9jtD7xREzv86l,Schools
recpDzDCGFTxG9X3o,Schools
recpEL1aai38VV97e,Schools
recpErZsDMONMEoJW,Schools
recpGtEe7v3JaiWWN,Schools
recpHTXiVdZI7aNzE,Schools
recpIYMjE9RO9Val4,Schools
recpK06iQdN8lfdeJ,Schools
recpK4pbGCELmHhEW,Schools
recpOGmBUiDWKEegs,Schools
recpOkC2kRkR1lRHV,Schools
recpPYJtaz8INhhJi,Schools
recpQUX0N7f4XXO0u,Schools
recpR76VBR3XXX8yw,Schools
recpRpRRdjb4EypNU,Enrichment
recpRpRRdjb4EypNU,Supplies
recpRrq18N3h69r1x,Schools
recpSuk99ihr1zaz4,Schools
recpTKMgqPfKlllK0,Schools
recpU0Xg0yuY7lV09,Schools
recpVFlFnZMgpRrb1,Tutoring
recpVFlFnZMgpRrb1,Enrichment
recpXEjdbv53hd7gP,Tutoring
recpXEn20poBlWz5W,Schools
recpeAX0IqzjdgC8B,Schools
recpgBwvcslruHs8m,Tutoring
recphha5GSiIxEOdl,Schools
recphoR8nC0O9FQjS,Schools
recpjzIuUdIrDodL5,Schools
recplpaRIoSasdUjk,Schools
recpnbzXKAZa6FkSj,Schools
recpoSRyoQcbNr95J,Schools
recpqgRHeyR0DnaOh,Schools
recprwfFgq5D9h5zp,Schools
recpuBSSo0Y4t0djU,Curriculum
recpuyG1DqWEOmOJd,Schools
recpwXoum1TQBEmKC,Schools
recpx4JR4dIixJsqj,Tutoring
recq3M5tQKtb0eU8w,Schools
recq82jvLfWAf1DIf,Schools
recq8Awp8rd1L68yn,Schools
recq9yJLzdYiRhZuS,Schools
recqAG2ulK3EhP19v,Schools
recqAemh2AkhDvFZc,Schools
recqBQMsPtA4Qg1Sq,Schools
recqG2cvHkYdMJqEm,Schools
recqGORljAaHukQqf,Schools
recqKCBHr9aK9l13L,Schools
recqKUGb68b9iaI42,Schools
recqNVIfQyRkII0lk,Schools
recqO428Qmc82v1aH,Schools
recqTIj0IVOGeRYSr,Schools
recqVv6NslxJVsJTk,Schools
recqWHeqM52XZo2hd,Schools
recqWKKet0cAX82Wt,Schools
recqWKYVhaENy7jXZ,Schools
recqWOAlrNoOOJtcn,Schools
recqWhb5YRbz0Z4qe,Schools
recqWmHaGgAdm8dnq,Schools
recqYN7NwZW2nO5QF,Therapy
recqaeO3UseAykj8O,Curriculum
recqdEIbnH4OnZWLK,Schools
recqdgEKylWUBk0u6,Schools
recqg7Lh5jaoeYAEn,Schools
recqhINJ0SjC5dJyp,Schools
recqhX4xcJ1jG1FX9,Schools
recqij6PTMR8fDnBE,Schools
recqj3pj0bgPljpDs,Schools
recqmKlvuYqT2bym6,Schools
recqmv6ABLxKThW6o,Schools
recqnK3wqEkNIEdld,Schools
recqqeX3oydvy6Ut1,Tutoring
recqqeX3oydvy6Ut1,Classes
recqu2gyS533jyI8q,Schools
recqvQAQGbeKWcl3U,Schools
recqwTDRM2QYmo8Yk,Schools
recr5ub0ELucxrnVv,Schools
recr6c5pd3gSz5HPU,Schools
recr6jGqIPfYCCgCM,Therapy
recr7tPuf5sKmG2XE,Therapy
recrCWK26pqN9HCi3,Schools
recrErd3H6juz3Cgs,Schools
recrFZbTlKzbSawSl,Schools
recrISuQaHdQB0IvY,Schools
recrIvXdlpgj0fGf5,Schools
recrK634mbTmCGJO3,Schools
recrN70YNYMJ2GDhk,Schools
recrOnk4H1X7G4y6b,Schools
recrQSQr4n42Ok9CM,Schools
recrQdoD6ir3JFSKm,Schools
recrUJ8jLJhrkeksd,Schools
recrVQ9BOwKOJ40tU,Tutoring
recrX5uhqXmNo5gyL,Schools
recrZd93G2TfKkcve,Schools
recrZvKX4OvMe2mgl,Schools
recre2LvIcr8hVBre,Schools
recrgotHTxLyk6RoK,Schools
recrhW6Zm0CS6R8Zp,Schools
recrhYMdfX8j0ybVa,Therapy
recriHhUMJ6rFDGwW,Schools
recriSDoBDg9Iktrg,Therapy
recriSDoBDg9Iktrg,Tutoring
recriSDoBDg9Iktrg,Enrichment
recrjt2AmcacPuoXg,Therapy
recrkOz38IgLFaPvA,Schools
recrkPywccgrEgYlf,Schools
recrkRkJcvspQ5TzU,Schools
recrl6vQ4efgqI9b0,Therapy
recrl6vQ4efgqI9b0,Tutoring
recrlh5kRgiZHWfXT,Therapy
recroFuu4XEbm0LbH,Schools
recrqZM39U3b6syy8,Schools
recrsnm7TfNwRafhZ,Schools
recrvFqXlHsZN2GxV,Tutoring
recrzEU3btb0UwVR8,Schools
recrzkuQgmnO1XhbL,Schools
recs0c9jvJ2ovVjiL,Schools
recs1KOxunIHEfgix,Schools
recs1xbX3kAeGBoKI,Supplies
recs2KMWWngNo9Yiq,Schools
recs3qiGKB5VC1YHG,Schools
recsFxinEEzilwklc,Schools
recsG38fPWJ4IJHNY,Schools
recsGhGd6a6cptrcB,Schools
recsIEXKpAmckNS4r,Schools
recsN5ncsLFSwktrQ,Schools
recsP9vv4Fc1DY7Qs,Schools
recsPBbuU4DTDHOSM,Schools
recsQLvOqUlnFIrty,Schools
recsSnCgRxQ99xHb0,Tutoring
recsT5RGuXGnqhlFv,Tutoring
recsTC9e9X0Yi30E9,Schools
recsV97uvbSpQTBxY,Schools
recsVx2akpS9ub4M4,Schools
recsWQ3uKOSc1aztG,Schools
recsWb7ClaptBGzSD,Schools
recsWeEIVytfnAWy3,Schools
recsWqJQrKa4RHGfD,Tutoring
recsYzdtZXZk5tnX4,Schools
recsaRf1DhYkKAQQL,Schools
recsavjEObbgAouSm,Schools
recsb2DVoMzSPd0cy,Schools
recsd0XnW5cI14kGu,Schools
recsdsAFeybA6EVnW,Tutoring
recsg4cx8mtoBY0PD,Schools
recsi0TBAP6migN90,Schools
recsibhSN3n9z8ix2,Schools
recsickTd181tGi9e,Schools
recsjdV63lupx1T18,Curriculum
recsjdV63lupx1T18,Enrichment
recskpzTpYPHL3yIu,Schools
recsmH0Wt9wkd6A2x,Schools
recsmUOPo1ezjcTdR,Schools
recsn49eEshKH0l3M,Schools
recspggXNJV48mueo,Tutoring
recspk2XyFJrzl3Ke,Schools
recssKm2q7DuLlW6f,Schools
recssZau7PITXULqT,Enrichment
recssZau7PITXULqT,Curriculum
recssZau7PITXULqT,Supplies
recsvrYpWwCKI74Ku,Schools
rect16pIwg6UCHpcv,Schools
rect1D9UZ0EUV27nT,Curriculum
rect1VV4W7JMpldvp,Schools
rect4lBeSMtkQfKt4,Schools
rect5cwRpktzrqvJ5,Schools
rect65eLGTTJHaBqV,Schools
rect6ZkuQduPm9oWx,Schools
rect6zRVqmOQpCcCO,Tutoring
rect6zRVqmOQpCcCO,Therapy
rect9W3174pYxu5T4,Schools
rectAcsAPt4mz3qZI,Schools
rectBVwTestOFtICC,Schools
rectEZqSzG5UDilLx,Schools
rectHDbi7suzoA7ke,Schools
rectIGxEUvOC0rtVR,Schools
rectIQmRwb2gIHvNO,Schools
rectIlqwgcp9UWvh1,Schools
rectJn34BSs02fNKB,Therapy
rectPIPdZrXfUBgCD,Schools
rectSV4Ir4ANQ8vTR,Schools
rectWjefKqle9v8WA,Schools
rectXablKKi9Ka6GO,Schools
rectYjDMCnwF29Xsz,Schools
rectYytKv4V7S8TJi,Schools
rectaK4oD2Uo9LWkt,Schools
rectazv2jwHpjGy8Z,Schools
rectd5XzYWCXAv1cx,Schools
recteKonCEG18HAtA,Schools
rectjrAq2a6sgISly,Schools
rectl40x3ac2peuOV,Schools
rectmvdqFCwjhiM1T,Schools
rectpz8szxjJf8f2I,Schools
rectqNcWmlG2FkN60,Schools
rectqs3x0nxasaTs0,Schools
rectr3iV4NXeJcLR7,Schools
rectthlst2JMasEHu,Schools
recttttdNcQz1IWIB,Schools
rectvVpjapGW8ZUGc,Schools
rectxXmcZkycm1JHa,Schools
rectyLEPMuxhq5z72,Schools
recu3HnqmKvGIkwWb,Schools
recu4MMDB5irwKr2t,Schools
recu58G5vHWG8oUh9,Tutoring
recu58G5vHWG8oUh9,Therapy
recu75qp6WWAsRotX,Schools
recuA3AW2hYESS01c,Schools
recuBW4c9tsaNu5BQ,Schools
recuC3xBxAMpT5I1k,Schools
recuC7gkYrmVf9AXa,Schools
recuDErjTMqiaCTYB,Schools
recuGbUX5R7xCId4l,Schools
recuIzvLbfbW2ZPne,Schools
recuK6HsRy74i0B8E,Schools
recuKbxvRYRdPNpTW,Schools
recuNFTcRPMX0LDke,Schools
recuUHOZ2sAa9nRXl,Schools
recuVoHd0FnXOatES,Classes
recuVoHd0FnXOatES,Enrichment
recuVoHd0FnXOatES,Curriculum
recuW5iKkIBpN3NbS,Schools
recuYtLmgOpqZkUgE,Schools
recucY0VQDiVpkutu,Schools
recudgNwMjTVGd2kG,Schools
recuemLTiXjkWiPJQ,Schools
recugOTHmfEsRpNLP,Schools
recuhhGQBChO0eXrT,Schools
recuhk7NRUK7cpOtK,Therapy
recui0NZGhb0uzlJZ,Schools
recuk5hrhSe3NamxK,Schools
recunkLpuaOfWhWTZ,Schools
recuoY5AAKrQxAoYI,Schools
recuqXEQypSWbaXzg,Schools
recuqztibHW1Kx6Tb,Schools
recurAlhabNk8rxaZ,Schools
recurRYbZTDlLOu10,Schools
recuruSLzq2bQm8mp,Schools
recusYINHFmpWRkke,Schools
recuuteczyXSlnT50,Schools
recuvMTc93qGaCzWa,Schools
recuwKCnB52vqqliJ,Schools
recv13FL7lydIEeu6,Therapy
recv1pseNklqaa74p,Schools
recv2EI8fMkosyAL8,Schools
recv4ykZZqaWVVoEX,Schools
recv6uObPbtQsXlR5,Schools
recv890lEZkhTOTFS,Schools
recv8t0mDjk20GAtS,Schools
recvCsuTrYyPu0TWP,Schools
recvDQws9fcbk4Ph7,Schools
recvGGK3Nmdn23nAC,Schools
recvHQzepaB5b6Xyw,Schools
recvIP8BALOuPKJBm,Curriculum
recvJDJSOtrYn3v8S,Schools
recvK2cjucp5pQzVc,Schools
recvMi4MNxxGu8erJ,Schools
recvQaMWrQ3WspN5q,Schools
recvRSgrVQ2HwQc2l,Therapy
recvSDHnWZCSfKvt5,Schools
recvSiQ5sJfdCM0xT,Schools
recvUdxz6f2nFu8vt,Schools
recvcQLts3NjMRaqi,Schools
recvfp3LiGQ9SrS95,Schools
recvhBH6PtNAFXoDk,Schools
recvhm6I2uEv1vme7,Schools
recvi3nx4URXEUpEG,Schools
recvijDcLhscl8trj,Therapy
recvikyWWoXjATDzu,Schools
recvjZ1Asptjnav1u,Schools
recvlCg6OA1eVanzL,Therapy
recvm4XMevyK83EjW,Schools
recvmTmRciPqv6HdB,Schools
recvmkITfKD4DZlz4,Schools
recvmtm4ZiIp2G4aO,Schools
recvq5e2H1ZWBR3qz,Enrichment
recvq5e2H1ZWBR3qz,Curriculum
recvsImFUn0gV4Elq,Schools
recvuEuVCYjvvtKQ3,Schools
recvuhVMPbmQT1evc,Schools
recvvdx30ucL2HMOL,Schools
recvwRhXgvGBw0ERP,Schools
recvyQXdjPI8ZpxBo,Schools
recvysoOGDRInIb86,Schools
recw1B0AMFm6NE3Uc,Schools
recw2e63BvIsfLPNd,Schools
recw2uJwllmxcTq0K,Schools
recw2v66Wg2eEAol0,Schools
recw5EKvCu5aeBPCR,Schools
recwCq0zBE7595SUb,Therapy
recwDUc84HvIcSXlh,Schools
recwEPotj8le28gsB,Schools
recwEi4eOo3hvVelq,Schools
recwFPFfiYUffqJHn,Schools
recwFkxTy5RqLocKm,Schools
recwFu2oheqimROWu,Schools
recwFuRr0LSQmmFrz,Schools
recwG8LdsAHCSKkFO,Curriculum
recwG8LdsAHCSKkFO,Supplies
recwIjeYZbvFK2JJ7,Schools
recwJ0GJFY72SmTZc,Schools
recwKCxgyKgtbTfFB,Therapy
recwM9m2JIWSlyvJn,Schools
recwNwiiUju7yAxG9,Schools
recwOdnp0C5tpIjhT,Schools
recwOyzKqirmwNeaM,Schools
recwQHLmncgbBwzkX,Schools
recwQfbiuSh3clOkf,Tutoring
recwScmqJWziV4WEA,Schools
recwUmRHJ7dJxmT99,Schools
recwUzOmPe3UUCNSu,Schools
recwVErQiUNvpHR1q,Schools
recwVN8vrqZd581Rx,Schools
recwZK49Jysj6y9OF,Schools
recwb93eDc8spU10d,Schools
recwc1zdXOsiv5reT,Schools
recwdSTgIfBQoPGGk,Schools
recwefG9r2eqgoUp9,Schools
recwgyVHJoZDWf3Kz,Tutoring
recwkOZ5Oup7BqQLb,Schools
recwl3QgSS7z9qKyH,Tutoring
recwl3QgSS7z9qKyH,Curriculum
recwl9Km0hYdJ5WlC,Schools
recwm7NBPAadIjljW,Tutoring
recwm7NBPAadIjljW,Classes
recwm7NBPAadIjljW,Curriculum
recwnuAWkxxjALHBI,Schools
recwqBikTkBq0Jukw,Schools
recwqoObg40pJwfAk,Schools
recwro6X5qNIGai2b,Schools
recwrzsaI65YcUql6,Schools
recwsE7QKnhMpiqST,Schools
recwxpQLJkHCD1NGA,Schools
recwymlcJ2xeHbZLp,Schools
recwzD9yiHZby75H3,Schools
recx2SWttZkKDvL2b,Schools
recx2jEKruxAQoQM2,Schools
recx3Q008yD2HVsoy,Tutoring
recx3ZjCxg9NDz46o,Schools
recx5WyHG91LHg733,Schools
recx74rViW0Dy29DO,Schools
recx7qOrPedFTpQSV,Schools
recxBV4PHO4gRpjhC,Schools
recxDqBVJIOeRY3bD,Schools
recxEUe3Fza3YK4cS,Schools
recxJDRlOehu0gwQf,Schools
recxKGRcGVyCE5tk0,Schools
recxKk46GgMvtE97h,Schools
recxL7th9amviVKUT,Schools
recxLBKVtAy7CciIi,Therapy
recxLuPokDaYm0Ld3,Schools
recxLzxDtYxNEGlLj,Schools
recxM8gmYquZ55qq2,Schools
recxMrnoYeNfaXIHG,Schools
recxNNhmUaJ3avIm1,Schools
recxOho8o0UZrZe33,Schools
recxR4SCna8ABsU2K,Therapy
recxUWYHdmqe8DhTd,Schools
recxWkEBVfNIOOorC,Schools
recxX4MaMF3KkOvd7,Schools
recxXsw477UYbwgHJ,Schools
recxYrn4alVLKNR8u,Schools
recxapSyKFDV2Sn0j,Tutoring
recxc1WZhAMwugS8G,Schools
recxcFKOY8M7vdbvy,Schools
recxckNONWjgrvPaz,Schools
recxeSEZ7RgMXYLmR,Schools
recxgk0DOoQriHmWQ,Schools
recxhv6CLmHYskJ7k,Schools
recxj0SjynXWAj84D,Schools
recxjkC7fEoFVYjLk,Schools
recxlcQ6OLPZIeS5r,Schools
recxlgR0myBN334we,Schools
recxoDbuDDpl7gKtf,Schools
recxsqBRerzhQIWqh,Schools
recxtcMg3Dd4cbPwN,Schools
recxtk2sT8KSW0844,Schools
recxvqIJ1EnRyrPJb,Enrichment
recxvqIJ1EnRyrPJb,Curriculum
recxvqIJ1EnRyrPJb,Supplies
recxwubwxpnsvjOjj,Tutoring
recy1aShyjTaPYRfT,Schools
recy39UdoW228mUZo,Schools
recy4YD0Av0jHgvOx,Schools
recy6swiw1lU95uGr,Schools
recy8xX6T9ICYMmaE,Schools
recyCOYafD70vdgb9,Tutoring
recyDqarYHl7uYKjE,Schools
recyEjoflPEZetpt3,Schools
recyF9znYGC8ZPoXd,Schools
recyGTgsPFFG7HtlP,Schools
recyH9Dbpmn9pZwJh,Schools
recyJag43CA7RdVOx,Therapy
recyJag43CA7RdVOx,Classes
recyJag43CA7RdVOx,Enrichment
recyJag43CA7RdVOx,Curriculum
recyJag43CA7RdVOx,Assessments
recyKzrD9eyoZfTVu,Schools
recyMKBHl2ytDVJz8,Schools
recyN1ujzIqYLHOZ7,Schools
recyNSJsk1uWHTjas,Therapy
recyQ7PdbzcQSnsge,Tutoring
recyQaOLpmnoPerAG,Schools
recyV59BDBWMjh7VO,Therapy
recyVFEao1VgI7LCE,Schools
recyXlXEMRddAJTnI,Tutoring
recyaQsc19Vy6WeE3,Schools
recyaWk2JQWJQqOck,Schools
recybPMG3pznssJjS,Schools
recydEWT9GfRDd36G,Schools
recyebaXJvqdW38OC,Therapy
recyh9iOjAwTxWlkS,Therapy
recyhHSU7ooEOD3KN,Schools
recyhxwfCTruh8LFL,Schools
recyiWb6jTTXTMRJp,Schools
recyikItRbld60R3w,Tutoring
recyiszC543jTCpca,Schools
recykEf3fMYvE5Y4p,Schools
recylHT7M2qjcnd8B,Schools
recylbBqLrWStPjiZ,Schools
recynBRv7C4ugO7lV,Tutoring
recyoP0CVxFF3zhuD,Schools
recyoZRTuuKuNVymB,Schools
recyosiFxMsEcWrrX,Schools
recypacE7BDh9rbnD,Schools
recypuQyXZdVnINtO,Schools
recypzAvIrMqfAsH5,Therapy
recyq66AU6fBM582F,Schools
recyqXD1J7nh1wzmc,Schools
recyqpz9X9tZgUDwH,Schools
recyqsZa19fjLgwPM,Schools
recysXNwllfrMgkl1,Schools
recywTvHbWrCAmN5b,Schools
recywUZqux77A34Pl,Tutoring
recywUZqux77A34Pl,Enrichment
recyxgexwpsTTpEOi,Schools
recyxwJtpCzmvrJhS,Schools
recyzJkt7yqWD4JMy,Schools
recyzVvFEcGWaQ2dT,Therapy
recz06ZEAliIFmP7X,Schools
recz0Bj15Lk9rzazt,Schools
recz4SIvDHqdQInRB,Schools
recz5yN57LX9I5LRr,Schools
recz8BFYyU0514ZtO,Schools
recz9NHPcT3RwUl9N,Tutoring
recz9eBeGGVZ713Ip,Schools
recz9ui2OokPg19l8,Schools
reczBxP5fjRK2zgUa,Schools
reczDHv0J6WDgj2xU,Schools
reczDQcdqpoRCKJoZ,Schools
reczEUWi4yhYAEfb8,Schools
reczGg90EKlC97Vho,Schools
reczHMc0POwNqpUVV,Schools
reczIarcqDeRIcBv3,Schools
reczIfnu5GSHcVMDs,Schools
reczJ3fIX5BFtX4Bn,Schools
reczSGDlIZ212AkbU,Tutoring
reczUPlLhTpQriRGt,Schools
reczV35UXGYVcNkcO,Therapy
reczV8tbvNq6XCnQw,Schools
reczWuoNDZrBsBuq6,Schools
reczXilUoBlbMvl9n,Schools
reczZlfNv4UsjVwwh,Schools
reczZyVEXBe1qw8UD,Schools
reczaTWRqSMDqqd8P,Schools
reczdooNNpQjGWhyB,Schools
reczgLha71UWHDELn,Schools
reczhIHEyS84HB2M5,Schools
reczhNQ1kmt2Ogw05,Tutoring
recziWDFrsBvi3Nw5,Tutoring
reczoxVYhhU0SNqDC,Tutoring
reczpFNZBmuUZFDlT,Schools
reczrUj5uJXx4JJ6S,Enrichment
reczu94tkDrawEUrr,Schools
reczuqR9Tn4qBV5Be,Therapy
reczy9uCLrVcWKWuA,Schools
reczyVOmF51WPPgcs,Schools
